Employee_ID,Department,Job_Family,Job_Level,Location,Gender,Workforce_Category,Employment_Type,Hire_Date,Exit_Date,Employment_Status,Monthly_Salary_AED,Band_Mid_AED,Compa_Ratio,Performance_Rating,Engagement_Score,Training_Hours_YTD,Absence_Days_YTD,Critical_Role,Regrettable_Exit
UAE-SYN-0001,Finance,Finance,L3,Sharjah,Man,International,Permanent,2023-02-24,2025-02-08,Exited,19700,21600,0.912,4,75,15,6,No,Yes
UAE-SYN-0002,Operations,Operations,L1,Dubai,Man,UAE National,Permanent,2024-07-23,,Active,7500,7200,1.042,5,80,49,8,No,
UAE-SYN-0003,Customer Experience,Customer Experience,L1,Dubai,Woman,International,Permanent,2024-11-08,,Active,6300,6800,0.926,4,71,31,8,No,
UAE-SYN-0004,Customer Experience,Customer Experience,L1,Dubai,Woman,International,Permanent,2021-06-19,,Active,7200,6800,1.059,3,74,46,6,No,
UAE-SYN-0005,Technology,Technology,L2,Sharjah,Man,International,Permanent,2023-06-08,,Active,17300,17800,0.972,2,50,22,6,No,
UAE-SYN-0006,Operations,Operations,L2,Sharjah,Woman,International,Permanent,2020-11-09,,Active,12400,11200,1.107,4,91,35,6,No,
UAE-SYN-0007,Customer Experience,Customer Experience,L1,Dubai,Man,International,Permanent,2022-04-08,,Active,6000,6800,0.882,2,57,14,7,No,
UAE-SYN-0008,Operations,Operations,L1,Dubai,Woman,International,Permanent,2017-12-20,,Active,6800,7200,0.944,5,58,25,10,No,
UAE-SYN-0009,Technology,Technology,L3,Dubai,Man,International,Permanent,2017-07-25,,Active,29000,27000,1.074,3,49,4,14,Yes,
UAE-SYN-0010,Finance,Finance,L3,Abu Dhabi,Woman,International,Permanent,2021-05-03,,Active,20900,21600,0.968,3,64,26,4,No,
UAE-SYN-0011,Finance,Finance,L3,Dubai,Woman,International,Fixed-term,2022-01-13,,Active,19500,21600,0.903,5,80,36,6,Yes,
UAE-SYN-0012,Customer Experience,Customer Experience,L2,Dubai,Woman,International,Permanent,2023-11-04,2026-07-10,Exited,10200,10500,0.971,3,59,24,3,No,No
UAE-SYN-0013,Finance,Finance,L1,Dubai,Man,International,Permanent,2021-02-21,2025-05-24,Exited,8800,9200,0.957,3,64,9,7,No,No
UAE-SYN-0014,Technology,Technology,L1,Abu Dhabi,Man,International,Permanent,2022-10-19,2024-10-17,Exited,10900,11500,0.948,5,77,36,6,No,Yes
UAE-SYN-0015,Customer Experience,Customer Experience,L3,Sharjah,Man,International,Permanent,2022-03-13,,Active,16700,16000,1.044,2,62,18,3,No,
UAE-SYN-0016,Sales,Commercial,L2,Dubai,Woman,International,Fixed-term,2021-07-26,,Active,11700,12700,0.921,3,87,23,6,No,
UAE-SYN-0017,Operations,Operations,L1,Dubai,Woman,International,Permanent,2019-04-14,,Active,6800,7200,0.944,4,59,11,6,No,
UAE-SYN-0018,People & Culture,People & Culture,L2,Sharjah,Woman,International,Permanent,2019-08-29,,Active,13200,13000,1.015,5,67,17,6,Yes,
UAE-SYN-0019,Operations,Operations,L1,Abu Dhabi,Man,International,Permanent,2025-01-20,,Active,7500,7200,1.042,3,78,27,7,No,
UAE-SYN-0020,Technology,Technology,L1,Dubai,Woman,International,Permanent,2019-04-18,2026-07-10,Exited,10700,11500,0.93,2,70,25,0,No,No
UAE-SYN-0021,People & Culture,People & Culture,L1,Abu Dhabi,Man,International,Permanent,2018-09-22,,Active,8800,8400,1.048,4,96,32,8,No,
UAE-SYN-0022,Sales,Commercial,L1,Abu Dhabi,Man,International,Permanent,2026-02-14,,Active,7100,8200,0.866,4,70,30,6,No,
UAE-SYN-0023,Sales,Commercial,L4,Dubai,Woman,UAE National,Fixed-term,2020-10-20,2024-09-26,Exited,30400,29100,1.045,4,85,14,8,No,Yes
UAE-SYN-0024,Sales,Commercial,L1,Abu Dhabi,Man,UAE National,Permanent,2018-05-07,,Active,7900,8200,0.963,3,82,5,7,No,
UAE-SYN-0025,Sales,Commercial,L1,Dubai,Man,International,Permanent,2023-12-18,2025-05-04,Exited,7800,8200,0.951,3,70,21,10,No,No
UAE-SYN-0026,Finance,Finance,L1,Abu Dhabi,Man,International,Fixed-term,2023-07-28,,Active,7900,9200,0.859,4,89,25,10,No,
UAE-SYN-0027,Customer Experience,Customer Experience,L1,Dubai,Woman,International,Permanent,2024-02-22,2025-10-06,Exited,6500,6800,0.956,4,82,15,2,No,Yes
UAE-SYN-0028,Operations,Operations,L2,Dubai,Man,International,Permanent,2025-04-14,,Active,12100,11200,1.08,4,88,28,6,No,
UAE-SYN-0029,Operations,Operations,L2,Dubai,Man,International,Permanent,2023-02-13,2025-08-05,Exited,10600,11200,0.946,4,87,36,8,No,Yes
UAE-SYN-0030,Operations,Operations,L1,Dubai,Man,UAE National,Permanent,2017-01-31,2025-06-03,Exited,6900,7200,0.958,4,81,21,7,Yes,Yes
UAE-SYN-0031,Operations,Operations,L3,Dubai,Woman,International,Permanent,2021-11-23,,Active,17200,16900,1.018,4,81,24,8,No,
UAE-SYN-0032,Operations,Operations,L3,Dubai,Woman,International,Permanent,2019-12-12,,Active,16800,16900,0.994,2,58,43,3,No,
UAE-SYN-0033,Customer Experience,Customer Experience,L2,Dubai,Man,International,Permanent,2026-06-03,,Active,9600,10500,0.914,3,62,60,6,No,
UAE-SYN-0034,Operations,Operations,L2,Dubai,Woman,UAE National,Permanent,2024-11-06,,Active,10500,11200,0.938,4,89,4,5,No,
UAE-SYN-0035,Finance,Finance,L2,Dubai,Man,International,Permanent,2022-03-07,2025-05-14,Exited,12800,14300,0.895,4,84,48,5,No,Yes
UAE-SYN-0036,Operations,Operations,L3,Dubai,Man,International,Permanent,2022-12-23,,Active,15300,16900,0.905,4,69,32,5,No,
UAE-SYN-0037,Operations,Operations,L2,Dubai,Woman,International,Permanent,2019-02-27,,Active,11100,11200,0.991,5,51,45,8,Yes,
UAE-SYN-0038,Customer Experience,Customer Experience,L2,Dubai,Man,International,Permanent,2020-10-28,,Active,10500,10500,1.0,4,82,10,12,No,
UAE-SYN-0039,Finance,Finance,L3,Dubai,Man,International,Fixed-term,2018-02-01,2025-12-31,Exited,19400,21600,0.898,5,95,51,0,Yes,Yes
UAE-SYN-0040,Operations,Operations,L1,Dubai,Woman,International,Permanent,2021-09-08,,Active,6600,7200,0.917,3,96,46,2,No,
UAE-SYN-0041,Sales,Commercial,L2,Sharjah,Woman,International,Permanent,2022-02-14,,Active,12700,12700,1.0,4,79,22,8,No,
UAE-SYN-0042,Operations,Operations,L2,Abu Dhabi,Man,International,Permanent,2017-05-05,,Active,11200,11200,1.0,5,81,23,0,No,
UAE-SYN-0043,Operations,Operations,L2,Sharjah,Man,International,Permanent,2019-12-01,2025-12-24,Exited,10300,11200,0.92,4,58,21,9,Yes,Yes
UAE-SYN-0044,Technology,Technology,L3,Dubai,Woman,International,Permanent,2025-04-08,,Active,25000,27000,0.926,5,87,28,6,Yes,
UAE-SYN-0045,Operations,Operations,L2,Abu Dhabi,Man,International,Permanent,2020-10-06,,Active,9500,11200,0.848,3,62,13,4,No,
UAE-SYN-0046,Customer Experience,Customer Experience,L3,Dubai,Man,International,Permanent,2016-12-08,,Active,15400,16000,0.963,2,70,13,8,No,
UAE-SYN-0047,Technology,Technology,L3,Dubai,Man,UAE National,Permanent,2017-08-17,,Active,30200,27000,1.119,3,80,29,5,No,
UAE-SYN-0048,Sales,Commercial,L1,Dubai,Woman,International,Fixed-term,2017-03-14,,Active,7700,8200,0.939,3,51,53,6,No,
UAE-SYN-0049,Finance,Finance,L1,Abu Dhabi,Woman,International,Permanent,2024-11-25,,Active,9400,9200,1.022,4,69,16,10,No,
UAE-SYN-0050,Technology,Technology,L1,Sharjah,Man,UAE National,Permanent,2025-09-01,,Active,11800,11500,1.026,3,77,26,4,No,
UAE-SYN-0051,Sales,Commercial,L3,Dubai,Man,UAE National,Permanent,2020-02-08,,Active,19600,19300,1.016,3,64,8,6,No,
UAE-SYN-0052,Technology,Technology,L1,Dubai,Man,UAE National,Permanent,2021-06-08,,Active,11900,11500,1.035,1,70,34,9,No,
UAE-SYN-0053,Technology,Technology,L1,Abu Dhabi,Man,International,Permanent,2022-01-04,,Active,11400,11500,0.991,4,83,27,6,No,
UAE-SYN-0054,Technology,Technology,L1,Dubai,Man,UAE National,Permanent,2022-05-20,,Active,12000,11500,1.043,4,70,26,5,Yes,
UAE-SYN-0055,Sales,Commercial,L1,Dubai,Man,International,Permanent,2017-11-10,2024-09-20,Exited,7400,8200,0.902,3,68,47,8,No,No
UAE-SYN-0056,Operations,Operations,L2,Abu Dhabi,Woman,International,Permanent,2021-07-03,2024-12-25,Exited,10900,11200,0.973,5,96,35,3,No,Yes
UAE-SYN-0057,Sales,Commercial,L3,Dubai,Woman,International,Permanent,2026-02-06,,Active,17600,19300,0.912,3,61,18,9,No,
UAE-SYN-0058,Operations,Operations,L1,Dubai,Woman,International,Permanent,2018-03-19,2025-03-14,Exited,7500,7200,1.042,3,67,15,10,No,No
UAE-SYN-0059,Operations,Operations,L1,Dubai,Man,International,Permanent,2024-11-05,2025-04-12,Exited,7700,7200,1.069,4,77,7,2,No,Yes
UAE-SYN-0060,Operations,Operations,L1,Abu Dhabi,Man,International,Permanent,2018-04-15,,Active,8000,7200,1.111,5,84,62,7,No,
UAE-SYN-0061,Customer Experience,Customer Experience,L3,Dubai,Man,International,Permanent,2017-11-16,,Active,14900,16000,0.931,3,76,33,4,No,
UAE-SYN-0062,People & Culture,People & Culture,L3,Dubai,Man,International,Permanent,2020-10-14,,Active,18800,19700,0.954,4,83,57,0,Yes,
UAE-SYN-0063,Customer Experience,Customer Experience,L1,Dubai,Woman,International,Permanent,2019-05-31,,Active,7700,6800,1.132,3,74,23,9,No,
UAE-SYN-0064,People & Culture,People & Culture,L3,Dubai,Man,UAE National,Permanent,2023-09-15,,Active,18600,19700,0.944,4,94,18,4,No,
UAE-SYN-0065,Technology,Technology,L2,Abu Dhabi,Man,UAE National,Fixed-term,2024-04-01,2026-01-01,Exited,18700,17800,1.051,3,57,45,7,No,No
UAE-SYN-0066,Finance,Finance,L2,Sharjah,Man,International,Permanent,2019-01-31,,Active,13100,14300,0.916,4,77,39,0,No,
UAE-SYN-0067,Customer Experience,Customer Experience,L3,Abu Dhabi,Man,International,Permanent,2021-11-07,,Active,14600,16000,0.912,4,92,48,6,No,
UAE-SYN-0068,Operations,Operations,L2,Abu Dhabi,Woman,International,Permanent,2020-08-30,,Active,11400,11200,1.018,4,74,37,7,Yes,
UAE-SYN-0069,Customer Experience,Customer Experience,L1,Dubai,Woman,International,Permanent,2021-03-06,2025-11-18,Exited,6700,6800,0.985,4,67,11,5,No,Yes
UAE-SYN-0070,Customer Experience,Customer Experience,L2,Dubai,Woman,UAE National,Permanent,2022-11-10,,Active,10600,10500,1.01,1,58,19,5,No,
UAE-SYN-0071,Operations,Operations,L2,Abu Dhabi,Woman,International,Permanent,2022-05-14,,Active,9500,11200,0.848,5,96,28,7,No,
UAE-SYN-0072,People & Culture,People & Culture,L3,Dubai,Woman,International,Permanent,2021-04-15,2025-08-02,Exited,18500,19700,0.939,4,81,27,8,Yes,Yes
UAE-SYN-0073,Sales,Commercial,L2,Dubai,Man,International,Permanent,2024-02-16,,Active,13300,12700,1.047,3,63,33,4,No,
UAE-SYN-0074,People & Culture,People & Culture,L3,Dubai,Woman,International,Permanent,2018-11-27,,Active,20000,19700,1.015,3,72,30,1,No,
UAE-SYN-0075,Customer Experience,Customer Experience,L1,Sharjah,Woman,International,Permanent,2016-11-17,,Active,6200,6800,0.912,2,58,61,13,No,
UAE-SYN-0076,Customer Experience,Customer Experience,L1,Sharjah,Woman,International,Permanent,2025-05-10,,Active,6500,6800,0.956,4,73,16,5,No,
UAE-SYN-0077,Customer Experience,Customer Experience,L2,Abu Dhabi,Man,International,Permanent,2019-02-12,,Active,10400,10500,0.99,3,62,52,5,No,
UAE-SYN-0078,Sales,Commercial,L2,Dubai,Man,International,Permanent,2019-11-18,,Active,11500,12700,0.906,3,60,21,7,No,
UAE-SYN-0079,Technology,Technology,L2,Dubai,Man,International,Fixed-term,2023-12-21,,Active,18500,17800,1.039,3,69,28,5,No,
UAE-SYN-0080,Technology,Technology,L1,Sharjah,Man,International,Permanent,2024-03-15,,Active,12100,11500,1.052,2,63,17,1,No,
UAE-SYN-0081,Operations,Operations,L2,Abu Dhabi,Woman,International,Permanent,2016-04-12,,Active,10300,11200,0.92,5,73,35,8,No,
UAE-SYN-0082,Sales,Commercial,L3,Dubai,Woman,International,Permanent,2025-01-10,,Active,19900,19300,1.031,4,93,29,1,No,
UAE-SYN-0083,People & Culture,People & Culture,L2,Dubai,Man,International,Fixed-term,2020-12-11,2025-06-28,Exited,11400,13000,0.877,5,64,35,8,No,Yes
UAE-SYN-0084,People & Culture,People & Culture,L1,Dubai,Woman,International,Permanent,2025-07-14,2026-01-01,Exited,7000,8400,0.833,4,69,27,9,No,Yes
UAE-SYN-0085,Sales,Commercial,L4,Dubai,Man,International,Permanent,2021-08-05,,Active,27800,29100,0.955,3,79,21,9,No,
UAE-SYN-0086,Sales,Commercial,L2,Dubai,Man,UAE National,Permanent,2026-05-13,,Active,12000,12700,0.945,2,69,35,7,No,
UAE-SYN-0087,Technology,Technology,L2,Abu Dhabi,Man,International,Permanent,2022-09-05,,Active,18500,17800,1.039,2,65,18,6,No,
UAE-SYN-0088,Operations,Operations,L4,Dubai,Woman,International,Permanent,2025-01-13,,Active,24800,25600,0.969,4,64,32,7,No,
UAE-SYN-0089,Customer Experience,Customer Experience,L2,Dubai,Woman,International,Permanent,2016-04-21,,Active,10900,10500,1.038,5,60,30,8,No,
UAE-SYN-0090,Operations,Operations,L1,Abu Dhabi,Man,International,Permanent,2021-11-06,,Active,7300,7200,1.014,3,93,21,9,No,
UAE-SYN-0091,Technology,Technology,L2,Dubai,Man,International,Permanent,2016-03-27,,Active,20300,17800,1.14,4,72,13,10,No,
UAE-SYN-0092,People & Culture,People & Culture,L2,Dubai,Man,International,Permanent,2019-08-04,2025-12-17,Exited,14400,13000,1.108,3,59,26,9,No,No
UAE-SYN-0093,People & Culture,People & Culture,L1,Sharjah,Man,International,Permanent,2020-09-01,2025-08-10,Exited,8300,8400,0.988,4,72,0,3,No,Yes
UAE-SYN-0094,Customer Experience,Customer Experience,L1,Dubai,Man,International,Permanent,2019-04-14,,Active,7200,6800,1.059,4,84,6,10,No,
UAE-SYN-0095,People & Culture,People & Culture,L4,Dubai,Woman,International,Permanent,2024-04-13,,Active,28900,29800,0.97,4,75,12,8,No,
UAE-SYN-0096,Sales,Commercial,L2,Dubai,Woman,International,Permanent,2021-09-24,,Active,11100,12700,0.874,3,75,24,6,No,
UAE-SYN-0097,Customer Experience,Customer Experience,L2,Abu Dhabi,Woman,International,Permanent,2025-12-28,,Active,9000,10500,0.857,2,60,2,12,No,
UAE-SYN-0098,Customer Experience,Customer Experience,L3,Dubai,Man,International,Permanent,2025-07-17,,Active,13000,16000,0.812,3,79,27,3,Yes,
UAE-SYN-0099,Operations,Operations,L2,Abu Dhabi,Woman,International,Permanent,2025-12-22,,Active,11400,11200,1.018,4,77,16,1,No,
UAE-SYN-0100,Technology,Technology,L3,Dubai,Man,UAE National,Fixed-term,2018-10-07,,Active,27400,27000,1.015,4,77,24,6,No,
UAE-SYN-0101,Sales,Commercial,L1,Abu Dhabi,Woman,International,Permanent,2022-05-08,,Active,8500,8200,1.037,3,65,21,6,No,
UAE-SYN-0102,Sales,Commercial,L3,Abu Dhabi,Man,International,Permanent,2019-11-04,,Active,21100,19300,1.093,4,62,28,3,Yes,
UAE-SYN-0103,Technology,Technology,L2,Abu Dhabi,Man,International,Permanent,2018-05-28,,Active,17000,17800,0.955,3,68,30,4,No,
UAE-SYN-0104,Sales,Commercial,L3,Dubai,Man,International,Permanent,2026-03-03,,Active,16200,19300,0.839,3,53,37,5,No,
UAE-SYN-0105,People & Culture,People & Culture,L1,Sharjah,Woman,International,Permanent,2017-07-15,,Active,8600,8400,1.024,3,84,27,5,No,
UAE-SYN-0106,Sales,Commercial,L3,Dubai,Woman,International,Permanent,2017-06-06,,Active,19800,19300,1.026,4,77,21,9,No,
UAE-SYN-0107,Operations,Operations,L1,Abu Dhabi,Man,International,Permanent,2016-07-31,,Active,8200,7200,1.139,3,71,32,11,No,
UAE-SYN-0108,Operations,Operations,L4,Abu Dhabi,Man,International,Permanent,2024-05-19,,Active,21700,25600,0.848,5,60,13,4,No,
UAE-SYN-0109,Technology,Technology,L1,Sharjah,Woman,International,Permanent,2026-05-24,,Active,9500,11500,0.826,3,72,26,6,No,
UAE-SYN-0110,Sales,Commercial,L1,Dubai,Woman,International,Permanent,2024-03-05,,Active,7200,8200,0.878,2,64,4,7,No,
UAE-SYN-0111,Customer Experience,Customer Experience,L2,Dubai,Man,International,Permanent,2024-02-08,,Active,10800,10500,1.029,4,77,22,0,No,
UAE-SYN-0112,Sales,Commercial,L2,Abu Dhabi,Man,International,Permanent,2019-12-28,,Active,11500,12700,0.906,4,80,37,4,No,
UAE-SYN-0113,Technology,Technology,L2,Dubai,Woman,International,Permanent,2020-05-11,2026-02-01,Exited,18200,17800,1.022,2,67,22,6,No,No
UAE-SYN-0114,Customer Experience,Customer Experience,L1,Dubai,Woman,UAE National,Permanent,2024-05-13,,Active,6900,6800,1.015,3,82,7,9,No,
UAE-SYN-0115,Technology,Technology,L3,Dubai,Man,International,Permanent,2022-05-07,,Active,25900,27000,0.959,4,81,36,8,No,
UAE-SYN-0116,Technology,Technology,L1,Sharjah,Man,International,Permanent,2018-12-27,,Active,12700,11500,1.104,4,70,23,3,No,
UAE-SYN-0117,People & Culture,People & Culture,L4,Dubai,Man,International,Permanent,2016-09-01,,Active,31600,29800,1.06,3,90,15,10,No,
UAE-SYN-0118,People & Culture,People & Culture,L1,Abu Dhabi,Man,International,Permanent,2026-01-17,,Active,9200,8400,1.095,4,73,23,11,No,
UAE-SYN-0119,Finance,Finance,L1,Dubai,Woman,International,Permanent,2021-05-11,,Active,9400,9200,1.022,4,71,24,12,No,
UAE-SYN-0120,Operations,Operations,L3,Sharjah,Man,International,Permanent,2019-02-25,,Active,18400,16900,1.089,3,71,37,6,No,
UAE-SYN-0121,Technology,Technology,L3,Abu Dhabi,Man,International,Permanent,2018-11-05,,Active,25600,27000,0.948,4,65,30,9,No,
UAE-SYN-0122,Technology,Technology,L1,Abu Dhabi,Woman,International,Permanent,2018-06-28,,Active,10400,11500,0.904,4,72,15,10,No,
UAE-SYN-0123,Customer Experience,Customer Experience,L3,Sharjah,Woman,International,Permanent,2023-06-26,,Active,16800,16000,1.05,3,76,12,8,No,
UAE-SYN-0124,Operations,Operations,L1,Dubai,Woman,International,Permanent,2024-08-03,,Active,7200,7200,1.0,3,82,21,10,No,
UAE-SYN-0125,Technology,Technology,L1,Abu Dhabi,Woman,International,Permanent,2023-11-16,,Active,10300,11500,0.896,2,76,33,8,No,
UAE-SYN-0126,Operations,Operations,L3,Abu Dhabi,Woman,International,Permanent,2020-01-13,,Active,14700,16900,0.87,2,62,30,11,No,
UAE-SYN-0127,Customer Experience,Customer Experience,L3,Abu Dhabi,Woman,International,Permanent,2022-09-28,,Active,16700,16000,1.044,3,54,21,9,No,
UAE-SYN-0128,Sales,Commercial,L3,Abu Dhabi,Woman,International,Permanent,2024-06-04,,Active,17200,19300,0.891,3,73,12,6,Yes,
UAE-SYN-0129,Customer Experience,Customer Experience,L3,Abu Dhabi,Man,International,Permanent,2020-10-18,,Active,15300,16000,0.956,4,64,7,5,No,
UAE-SYN-0130,Operations,Operations,L2,Dubai,Woman,International,Permanent,2018-02-01,,Active,10800,11200,0.964,2,96,47,3,No,
UAE-SYN-0131,Customer Experience,Customer Experience,L3,Dubai,Man,UAE National,Fixed-term,2021-12-23,,Active,15000,16000,0.938,3,87,6,0,No,
UAE-SYN-0132,Technology,Technology,L1,Dubai,Man,UAE National,Permanent,2019-12-09,,Active,9700,11500,0.843,5,82,20,10,Yes,
UAE-SYN-0133,Customer Experience,Customer Experience,L1,Abu Dhabi,Man,International,Permanent,2019-08-18,,Active,6700,6800,0.985,4,78,13,7,No,
UAE-SYN-0134,Operations,Operations,L2,Dubai,Man,UAE National,Permanent,2021-04-06,,Active,10200,11200,0.911,3,85,36,1,No,
UAE-SYN-0135,Technology,Technology,L1,Abu Dhabi,Man,International,Permanent,2020-03-17,,Active,11100,11500,0.965,3,96,38,4,No,
UAE-SYN-0136,Operations,Operations,L1,Abu Dhabi,Man,International,Permanent,2025-05-23,,Active,7400,7200,1.028,3,85,24,5,No,
UAE-SYN-0137,Operations,Operations,L3,Sharjah,Woman,International,Permanent,2023-08-16,,Active,15900,16900,0.941,4,78,30,8,No,
UAE-SYN-0138,Customer Experience,Customer Experience,L3,Dubai,Man,International,Permanent,2021-09-11,,Active,17700,16000,1.106,3,82,41,14,Yes,
UAE-SYN-0139,Sales,Commercial,L3,Sharjah,Man,International,Permanent,2023-07-24,,Active,17500,19300,0.907,4,81,47,9,No,
UAE-SYN-0140,Operations,Operations,L1,Abu Dhabi,Man,International,Permanent,2018-09-23,,Active,7700,7200,1.069,5,89,60,6,Yes,
UAE-SYN-0141,Customer Experience,Customer Experience,L2,Dubai,Man,International,Permanent,2025-01-11,,Active,9300,10500,0.886,4,83,27,7,No,
UAE-SYN-0142,Sales,Commercial,L1,Abu Dhabi,Man,UAE National,Permanent,2023-01-29,2025-04-01,Exited,7800,8200,0.951,4,87,24,3,No,Yes
UAE-SYN-0143,Customer Experience,Customer Experience,L1,Abu Dhabi,Man,UAE National,Permanent,2023-09-03,,Active,6000,6800,0.882,4,70,37,11,No,
UAE-SYN-0144,People & Culture,People & Culture,L1,Abu Dhabi,Woman,International,Permanent,2020-07-03,,Active,8900,8400,1.06,3,82,38,5,No,
UAE-SYN-0145,Customer Experience,Customer Experience,L2,Dubai,Man,UAE National,Permanent,2018-02-14,,Active,9400,10500,0.895,3,94,33,3,No,
UAE-SYN-0146,People & Culture,People & Culture,L3,Dubai,Man,International,Permanent,2021-07-29,,Active,21200,19700,1.076,4,79,29,7,No,
UAE-SYN-0147,Sales,Commercial,L2,Dubai,Woman,International,Permanent,2025-01-28,,Active,13100,12700,1.031,2,77,15,12,No,
UAE-SYN-0148,Sales,Commercial,L3,Sharjah,Woman,UAE National,Fixed-term,2020-11-10,2026-05-13,Exited,19800,19300,1.026,5,91,26,3,No,Yes
UAE-SYN-0149,Finance,Finance,L2,Dubai,Woman,International,Permanent,2018-04-24,,Active,15000,14300,1.049,3,84,7,10,No,
UAE-SYN-0150,Finance,Finance,L3,Dubai,Woman,International,Permanent,2022-02-26,,Active,20500,21600,0.949,3,76,8,9,No,
UAE-SYN-0151,Finance,Finance,L1,Dubai,Woman,International,Permanent,2020-03-16,,Active,8900,9200,0.967,4,93,28,5,Yes,
UAE-SYN-0152,Sales,Commercial,L3,Dubai,Man,International,Permanent,2018-10-28,,Active,19900,19300,1.031,3,83,7,4,No,
UAE-SYN-0153,Technology,Technology,L3,Abu Dhabi,Woman,UAE National,Permanent,2016-03-30,,Active,30600,27000,1.133,3,88,31,6,No,
UAE-SYN-0154,Customer Experience,Customer Experience,L3,Dubai,Man,International,Permanent,2023-09-18,,Active,16400,16000,1.025,5,61,27,11,No,
UAE-SYN-0155,Sales,Commercial,L1,Dubai,Man,International,Permanent,2022-11-04,,Active,8300,8200,1.012,3,88,34,9,Yes,
UAE-SYN-0156,People & Culture,People & Culture,L3,Sharjah,Man,International,Permanent,2018-01-18,,Active,19200,19700,0.975,2,58,37,10,No,
UAE-SYN-0157,Sales,Commercial,L1,Abu Dhabi,Woman,International,Permanent,2021-02-01,2024-09-10,Exited,7300,8200,0.89,4,63,15,2,Yes,Yes
UAE-SYN-0158,Technology,Technology,L1,Dubai,Woman,International,Permanent,2022-08-08,2024-09-03,Exited,11400,11500,0.991,3,68,28,6,No,No
UAE-SYN-0159,Customer Experience,Customer Experience,L2,Dubai,Woman,International,Permanent,2025-06-23,,Active,8800,10500,0.838,4,72,40,8,No,
UAE-SYN-0160,Sales,Commercial,L1,Sharjah,Man,International,Permanent,2022-03-13,,Active,8200,8200,1.0,2,59,4,8,Yes,
UAE-SYN-0161,Customer Experience,Customer Experience,L1,Sharjah,Man,International,Permanent,2020-09-21,2024-08-18,Exited,6700,6800,0.985,3,78,32,2,No,No
UAE-SYN-0162,Finance,Finance,L2,Dubai,Man,UAE National,Permanent,2018-01-12,,Active,13700,14300,0.958,3,74,27,7,No,
UAE-SYN-0163,Operations,Operations,L2,Dubai,Woman,International,Fixed-term,2016-10-07,,Active,11000,11200,0.982,4,67,40,6,No,
UAE-SYN-0164,Customer Experience,Customer Experience,L2,Dubai,Woman,International,Permanent,2017-03-07,,Active,9600,10500,0.914,3,75,5,7,No,
UAE-SYN-0165,Technology,Technology,L2,Sharjah,Man,International,Permanent,2021-05-29,2025-11-11,Exited,17600,17800,0.989,4,83,28,4,Yes,Yes
UAE-SYN-0166,Sales,Commercial,L1,Dubai,Man,International,Permanent,2017-07-31,,Active,7900,8200,0.963,5,74,28,3,No,
UAE-SYN-0167,Technology,Technology,L2,Dubai,Man,International,Permanent,2020-06-27,,Active,17300,17800,0.972,4,61,17,11,No,
UAE-SYN-0168,Sales,Commercial,L3,Dubai,Man,UAE National,Fixed-term,2018-07-23,2025-04-05,Exited,18600,19300,0.964,4,87,14,7,No,Yes
UAE-SYN-0169,Operations,Operations,L4,Abu Dhabi,Woman,International,Permanent,2019-04-26,,Active,27000,25600,1.055,3,67,19,7,No,
UAE-SYN-0170,People & Culture,People & Culture,L3,Abu Dhabi,Woman,International,Permanent,2021-04-23,2024-09-21,Exited,18400,19700,0.934,4,67,42,7,Yes,Yes
UAE-SYN-0171,Technology,Technology,L1,Dubai,Man,International,Permanent,2021-03-10,,Active,10400,11500,0.904,4,71,43,13,No,
UAE-SYN-0172,Customer Experience,Customer Experience,L4,Dubai,Woman,International,Permanent,2023-07-16,2025-07-12,Exited,24400,24100,1.012,2,74,20,7,No,No
UAE-SYN-0173,Operations,Operations,L1,Abu Dhabi,Man,International,Permanent,2016-06-17,,Active,6600,7200,0.917,2,77,55,10,No,
UAE-SYN-0174,Sales,Commercial,L1,Sharjah,Woman,International,Permanent,2024-01-28,,Active,8300,8200,1.012,4,73,25,7,Yes,
UAE-SYN-0175,Sales,Commercial,L1,Dubai,Man,International,Permanent,2026-05-13,,Active,6900,8200,0.841,4,86,0,6,No,
UAE-SYN-0176,Operations,Operations,L4,Dubai,Man,International,Fixed-term,2019-01-09,2025-01-10,Exited,27700,25600,1.082,4,82,24,4,No,Yes
UAE-SYN-0177,Operations,Operations,L1,Dubai,Woman,International,Permanent,2019-01-25,,Active,6800,7200,0.944,2,74,52,1,No,
UAE-SYN-0178,Sales,Commercial,L1,Dubai,Man,International,Permanent,2022-08-29,,Active,7000,8200,0.854,4,50,47,9,Yes,
UAE-SYN-0179,Finance,Finance,L2,Dubai,Woman,International,Permanent,2017-05-10,,Active,15200,14300,1.063,3,72,37,4,No,
UAE-SYN-0180,Operations,Operations,L1,Dubai,Woman,UAE National,Permanent,2016-07-13,,Active,7200,7200,1.0,3,69,35,6,No,
UAE-SYN-0181,Operations,Operations,L2,Dubai,Woman,International,Permanent,2017-03-24,,Active,11000,11200,0.982,2,71,42,2,No,
UAE-SYN-0182,Sales,Commercial,L4,Abu Dhabi,Man,International,Permanent,2020-08-06,,Active,29400,29100,1.01,3,70,18,9,No,
UAE-SYN-0183,Technology,Technology,L1,Abu Dhabi,Man,UAE National,Permanent,2020-09-11,,Active,12300,11500,1.07,4,74,32,7,No,
UAE-SYN-0184,Operations,Operations,L4,Dubai,Woman,International,Permanent,2025-02-24,,Active,25700,25600,1.004,5,72,24,5,No,
UAE-SYN-0185,Finance,Finance,L1,Abu Dhabi,Woman,International,Permanent,2019-06-15,,Active,9900,9200,1.076,3,78,22,7,No,
UAE-SYN-0186,Operations,Operations,L3,Abu Dhabi,Woman,International,Permanent,2026-01-02,,Active,15700,16900,0.929,3,54,47,5,No,
UAE-SYN-0187,People & Culture,People & Culture,L2,Dubai,Man,International,Permanent,2020-09-27,,Active,13300,13000,1.023,4,57,24,6,Yes,
UAE-SYN-0188,Customer Experience,Customer Experience,L2,Dubai,Man,International,Permanent,2025-03-22,,Active,8700,10500,0.829,3,88,40,4,No,
UAE-SYN-0189,Sales,Commercial,L2,Dubai,Man,International,Permanent,2023-04-16,,Active,10300,12700,0.811,3,76,22,8,No,
UAE-SYN-0190,Operations,Operations,L3,Abu Dhabi,Woman,International,Permanent,2022-08-11,,Active,17300,16900,1.024,3,82,42,5,Yes,
UAE-SYN-0191,Technology,Technology,L1,Sharjah,Woman,International,Permanent,2016-05-13,,Active,12400,11500,1.078,2,67,44,17,No,
UAE-SYN-0192,Operations,Operations,L1,Dubai,Man,International,Fixed-term,2017-08-15,,Active,7500,7200,1.042,3,74,33,7,No,
UAE-SYN-0193,People & Culture,People & Culture,L3,Dubai,Man,International,Permanent,2018-09-16,2025-10-21,Exited,19000,19700,0.964,2,69,6,6,No,No
UAE-SYN-0194,Technology,Technology,L1,Dubai,Woman,UAE National,Permanent,2024-04-06,,Active,11200,11500,0.974,3,63,22,4,No,
UAE-SYN-0195,People & Culture,People & Culture,L1,Dubai,Woman,International,Permanent,2021-04-22,,Active,8400,8400,1.0,2,86,36,3,No,
UAE-SYN-0196,Technology,Technology,L3,Abu Dhabi,Man,International,Permanent,2017-02-09,2024-10-16,Exited,26600,27000,0.985,3,70,17,10,No,No
UAE-SYN-0197,Finance,Finance,L1,Dubai,Man,International,Fixed-term,2023-06-14,2026-02-07,Exited,8800,9200,0.957,3,78,6,8,No,No
UAE-SYN-0198,Operations,Operations,L3,Abu Dhabi,Woman,International,Permanent,2023-10-18,,Active,15900,16900,0.941,4,80,20,5,No,
UAE-SYN-0199,Operations,Operations,L1,Sharjah,Man,International,Permanent,2022-09-05,,Active,7400,7200,1.028,4,68,8,13,Yes,
UAE-SYN-0200,Sales,Commercial,L1,Dubai,Woman,International,Permanent,2019-08-11,,Active,7400,8200,0.902,3,67,27,2,No,
UAE-SYN-0201,Sales,Commercial,L3,Sharjah,Woman,International,Fixed-term,2023-01-20,,Active,18700,19300,0.969,3,77,24,8,No,
UAE-SYN-0202,Operations,Operations,L3,Dubai,Woman,International,Permanent,2024-01-19,2026-01-27,Exited,15900,16900,0.941,2,94,41,5,No,No
UAE-SYN-0203,People & Culture,People & Culture,L1,Dubai,Woman,International,Permanent,2019-08-27,,Active,8600,8400,1.024,3,96,30,7,No,
UAE-SYN-0204,People & Culture,People & Culture,L1,Abu Dhabi,Man,International,Fixed-term,2026-02-21,,Active,8500,8400,1.012,4,75,22,8,No,
UAE-SYN-0205,Operations,Operations,L1,Dubai,Man,UAE National,Permanent,2021-01-23,,Active,7000,7200,0.972,4,77,28,9,No,
UAE-SYN-0206,Technology,Technology,L2,Dubai,Man,International,Permanent,2026-06-28,,Active,18800,17800,1.056,3,86,15,3,No,
UAE-SYN-0207,Finance,Finance,L2,Dubai,Woman,International,Permanent,2018-04-30,,Active,14900,14300,1.042,3,84,26,5,No,
UAE-SYN-0208,Finance,Finance,L1,Dubai,Woman,International,Permanent,2017-05-18,,Active,8400,9200,0.913,5,76,0,2,Yes,
UAE-SYN-0209,Finance,Finance,L1,Abu Dhabi,Man,International,Permanent,2024-07-08,2026-02-14,Exited,8700,9200,0.946,3,77,20,9,No,No
UAE-SYN-0210,Operations,Operations,L1,Abu Dhabi,Woman,International,Permanent,2026-03-28,,Active,7200,7200,1.0,3,76,18,5,No,
UAE-SYN-0211,Operations,Operations,L3,Sharjah,Man,UAE National,Permanent,2023-07-15,,Active,16000,16900,0.947,4,85,33,8,No,
UAE-SYN-0212,People & Culture,People & Culture,L1,Sharjah,Man,International,Permanent,2021-04-19,,Active,8100,8400,0.964,3,57,24,6,No,
UAE-SYN-0213,Sales,Commercial,L2,Abu Dhabi,Man,International,Permanent,2022-09-03,,Active,12600,12700,0.992,4,61,43,7,No,
UAE-SYN-0214,Finance,Finance,L2,Dubai,Man,International,Permanent,2020-07-21,,Active,14400,14300,1.007,3,82,14,10,No,
UAE-SYN-0215,Operations,Operations,L1,Dubai,Man,International,Permanent,2024-08-20,,Active,6600,7200,0.917,4,75,27,0,Yes,
UAE-SYN-0216,Sales,Commercial,L1,Dubai,Man,International,Permanent,2022-10-04,,Active,7400,8200,0.902,3,78,32,8,No,
UAE-SYN-0217,People & Culture,People & Culture,L2,Dubai,Man,International,Permanent,2017-02-04,,Active,14500,13000,1.115,3,80,10,8,No,
UAE-SYN-0218,Operations,Operations,L3,Dubai,Man,International,Fixed-term,2019-01-23,,Active,16200,16900,0.959,3,76,36,5,Yes,
UAE-SYN-0219,Operations,Operations,L2,Dubai,Woman,International,Permanent,2021-11-30,,Active,9900,11200,0.884,4,91,28,6,No,
UAE-SYN-0220,Sales,Commercial,L1,Dubai,Man,UAE National,Permanent,2016-08-10,,Active,8900,8200,1.085,2,64,51,7,No,
UAE-SYN-0221,Sales,Commercial,L2,Dubai,Woman,International,Permanent,2016-05-21,,Active,11800,12700,0.929,2,79,29,5,Yes,
UAE-SYN-0222,Technology,Technology,L1,Sharjah,Woman,International,Permanent,2021-08-07,2024-09-07,Exited,10600,11500,0.922,2,62,37,5,Yes,Yes
UAE-SYN-0223,Technology,Technology,L3,Abu Dhabi,Woman,International,Permanent,2021-07-11,,Active,24500,27000,0.907,5,79,27,2,No,
UAE-SYN-0224,People & Culture,People & Culture,L2,Abu Dhabi,Man,International,Fixed-term,2016-05-17,,Active,12900,13000,0.992,3,65,25,8,No,
UAE-SYN-0225,Customer Experience,Customer Experience,L3,Sharjah,Woman,UAE National,Permanent,2016-04-02,,Active,16200,16000,1.012,3,72,50,5,No,
UAE-SYN-0226,Finance,Finance,L2,Sharjah,Man,International,Permanent,2018-04-15,,Active,15300,14300,1.07,2,70,40,7,No,
UAE-SYN-0227,Customer Experience,Customer Experience,L2,Abu Dhabi,Man,International,Permanent,2018-02-18,,Active,10000,10500,0.952,3,62,27,2,No,
UAE-SYN-0228,Customer Experience,Customer Experience,L4,Dubai,Woman,International,Permanent,2023-07-21,,Active,22700,24100,0.942,3,96,44,5,No,
UAE-SYN-0229,Operations,Operations,L1,Abu Dhabi,Man,International,Permanent,2021-06-17,,Active,6500,7200,0.903,4,68,29,6,No,
UAE-SYN-0230,Sales,Commercial,L1,Abu Dhabi,Man,International,Permanent,2016-05-22,,Active,7700,8200,0.939,3,77,24,9,Yes,
UAE-SYN-0231,Customer Experience,Customer Experience,L2,Dubai,Man,International,Permanent,2017-11-28,,Active,9700,10500,0.924,3,67,25,8,No,
UAE-SYN-0232,Customer Experience,Customer Experience,L1,Dubai,Man,International,Permanent,2017-05-31,,Active,6700,6800,0.985,5,72,28,13,No,
UAE-SYN-0233,Technology,Technology,L2,Sharjah,Man,International,Permanent,2017-09-03,2024-11-10,Exited,16200,17800,0.91,5,95,36,5,Yes,Yes
UAE-SYN-0234,Customer Experience,Customer Experience,L3,Abu Dhabi,Man,International,Permanent,2021-06-06,,Active,15800,16000,0.988,2,69,24,8,No,
UAE-SYN-0235,Technology,Technology,L1,Dubai,Man,International,Permanent,2022-09-11,,Active,12000,11500,1.043,4,46,0,8,No,
UAE-SYN-0236,Operations,Operations,L3,Dubai,Man,International,Permanent,2021-12-05,,Active,15700,16900,0.929,2,78,39,8,No,
UAE-SYN-0237,People & Culture,People & Culture,L2,Dubai,Man,International,Permanent,2019-07-26,2025-03-31,Exited,11900,13000,0.915,4,96,36,0,No,Yes
UAE-SYN-0238,Technology,Technology,L1,Dubai,Man,International,Permanent,2018-07-30,2026-04-27,Exited,11700,11500,1.017,3,58,35,9,No,No
UAE-SYN-0239,Operations,Operations,L1,Dubai,Man,International,Permanent,2022-03-24,,Active,7200,7200,1.0,4,68,28,8,No,
UAE-SYN-0240,Finance,Finance,L3,Dubai,Woman,International,Permanent,2017-12-31,,Active,20200,21600,0.935,4,83,8,11,No,
UAE-SYN-0241,Sales,Commercial,L2,Dubai,Woman,International,Permanent,2020-05-03,2025-04-15,Exited,12600,12700,0.992,4,73,38,6,No,Yes
UAE-SYN-0242,Technology,Technology,L2,Dubai,Man,International,Permanent,2023-08-04,,Active,18800,17800,1.056,3,96,20,0,No,
UAE-SYN-0243,Operations,Operations,L2,Abu Dhabi,Woman,International,Permanent,2022-01-01,,Active,10700,11200,0.955,3,66,45,5,No,
UAE-SYN-0244,Technology,Technology,L1,Abu Dhabi,Man,International,Permanent,2018-05-23,,Active,12400,11500,1.078,3,72,9,10,No,
UAE-SYN-0245,People & Culture,People & Culture,L1,Sharjah,Man,UAE National,Permanent,2019-08-05,,Active,8600,8400,1.024,3,78,11,3,No,
UAE-SYN-0246,Sales,Commercial,L3,Sharjah,Man,UAE National,Permanent,2021-09-02,,Active,17200,19300,0.891,2,58,17,1,No,
UAE-SYN-0247,Technology,Technology,L2,Sharjah,Woman,International,Permanent,2026-02-03,,Active,16900,17800,0.949,3,69,44,10,No,
UAE-SYN-0248,People & Culture,People & Culture,L3,Abu Dhabi,Man,UAE National,Permanent,2016-08-29,,Active,20400,19700,1.036,3,95,17,5,Yes,
UAE-SYN-0249,Sales,Commercial,L2,Dubai,Woman,International,Fixed-term,2026-06-16,,Active,13000,12700,1.024,4,78,33,6,No,
UAE-SYN-0250,Customer Experience,Customer Experience,L2,Dubai,Woman,UAE National,Permanent,2024-11-19,,Active,10000,10500,0.952,4,58,12,9,No,
UAE-SYN-0251,Customer Experience,Customer Experience,L1,Abu Dhabi,Man,International,Permanent,2024-06-03,,Active,5700,6800,0.838,2,73,15,6,No,
UAE-SYN-0252,Operations,Operations,L3,Dubai,Man,International,Permanent,2026-06-03,,Active,17200,16900,1.018,3,69,24,6,No,
UAE-SYN-0253,People & Culture,People & Culture,L1,Dubai,Man,International,Permanent,2024-10-07,2025-09-04,Exited,7600,8400,0.905,3,72,13,9,No,No
UAE-SYN-0254,People & Culture,People & Culture,L2,Sharjah,Man,International,Permanent,2020-11-11,,Active,11200,13000,0.862,4,89,28,4,No,
UAE-SYN-0255,Finance,Finance,L1,Abu Dhabi,Man,UAE National,Permanent,2021-11-28,,Active,9200,9200,1.0,4,78,31,5,No,
UAE-SYN-0256,Finance,Finance,L1,Dubai,Man,International,Permanent,2025-07-20,2025-12-16,Exited,9100,9200,0.989,3,68,24,9,No,No
UAE-SYN-0257,Sales,Commercial,L1,Abu Dhabi,Man,International,Permanent,2016-05-10,,Active,8500,8200,1.037,3,73,40,7,No,
UAE-SYN-0258,Operations,Operations,L1,Dubai,Woman,International,Permanent,2026-01-31,,Active,7300,7200,1.014,5,79,5,4,No,
UAE-SYN-0259,Operations,Operations,L2,Sharjah,Woman,International,Permanent,2022-09-15,,Active,10900,11200,0.973,2,71,34,8,No,
UAE-SYN-0260,Technology,Technology,L1,Dubai,Man,International,Permanent,2023-02-08,,Active,11800,11500,1.026,4,60,52,4,No,
UAE-SYN-0261,Operations,Operations,L2,Dubai,Man,International,Permanent,2024-03-24,2025-12-12,Exited,9600,11200,0.857,3,79,36,6,No,No
UAE-SYN-0262,Operations,Operations,L2,Abu Dhabi,Woman,International,Permanent,2023-01-04,,Active,10800,11200,0.964,3,79,13,8,No,
UAE-SYN-0263,Customer Experience,Customer Experience,L1,Dubai,Woman,International,Permanent,2022-07-27,,Active,6100,6800,0.897,3,80,19,9,No,
UAE-SYN-0264,Customer Experience,Customer Experience,L2,Sharjah,Woman,International,Permanent,2020-08-12,,Active,11400,10500,1.086,3,76,22,11,No,
UAE-SYN-0265,Sales,Commercial,L3,Dubai,Woman,International,Permanent,2022-08-22,,Active,17500,19300,0.907,1,69,33,4,No,
UAE-SYN-0266,Operations,Operations,L1,Abu Dhabi,Woman,International,Permanent,2022-09-11,,Active,6900,7200,0.958,3,75,37,11,No,
UAE-SYN-0267,Operations,Operations,L2,Dubai,Woman,International,Permanent,2020-12-14,,Active,9600,11200,0.857,3,86,0,12,No,
UAE-SYN-0268,People & Culture,People & Culture,L3,Dubai,Man,International,Permanent,2023-11-15,,Active,19100,19700,0.97,2,65,17,9,Yes,
UAE-SYN-0269,Sales,Commercial,L2,Dubai,Man,International,Permanent,2023-05-01,2024-10-11,Exited,11100,12700,0.874,4,61,23,6,No,Yes
UAE-SYN-0270,Operations,Operations,L1,Dubai,Man,International,Permanent,2023-04-28,,Active,6000,7200,0.833,4,80,24,2,No,
UAE-SYN-0271,Sales,Commercial,L2,Dubai,Man,International,Permanent,2018-08-30,,Active,12600,12700,0.992,4,76,41,5,No,
UAE-SYN-0272,Operations,Operations,L3,Abu Dhabi,Woman,UAE National,Permanent,2019-06-25,2026-06-27,Exited,13700,16900,0.811,3,87,29,8,No,No
UAE-SYN-0273,People & Culture,People & Culture,L3,Dubai,Woman,International,Permanent,2023-01-02,2025-05-01,Exited,18800,19700,0.954,4,82,33,7,No,Yes
UAE-SYN-0274,People & Culture,People & Culture,L1,Abu Dhabi,Man,International,Permanent,2020-05-11,,Active,8000,8400,0.952,2,96,41,9,No,
UAE-SYN-0275,People & Culture,People & Culture,L1,Dubai,Woman,International,Permanent,2017-04-28,,Active,9200,8400,1.095,4,87,30,10,No,
UAE-SYN-0276,Customer Experience,Customer Experience,L2,Dubai,Woman,International,Permanent,2020-04-07,,Active,10700,10500,1.019,4,70,0,4,No,
UAE-SYN-0277,Operations,Operations,L1,Dubai,Woman,International,Permanent,2023-11-07,,Active,8000,7200,1.111,5,60,20,3,No,
UAE-SYN-0278,Technology,Technology,L2,Dubai,Man,International,Permanent,2018-05-11,,Active,18100,17800,1.017,2,75,15,7,No,
UAE-SYN-0279,People & Culture,People & Culture,L1,Abu Dhabi,Man,International,Permanent,2025-01-11,,Active,8200,8400,0.976,2,47,28,7,No,
UAE-SYN-0280,People & Culture,People & Culture,L1,Abu Dhabi,Man,International,Permanent,2025-07-13,,Active,7600,8400,0.905,3,65,22,9,No,
UAE-SYN-0281,Technology,Technology,L1,Abu Dhabi,Woman,International,Permanent,2020-04-29,,Active,10600,11500,0.922,5,81,32,11,Yes,
UAE-SYN-0282,Operations,Operations,L3,Dubai,Woman,International,Permanent,2017-07-09,2024-08-20,Exited,17300,16900,1.024,4,76,18,4,No,Yes
UAE-SYN-0283,Operations,Operations,L1,Dubai,Man,International,Permanent,2016-06-02,,Active,7400,7200,1.028,4,71,38,6,No,
UAE-SYN-0284,Sales,Commercial,L1,Abu Dhabi,Man,International,Permanent,2025-02-10,,Active,7400,8200,0.902,5,96,9,8,No,
UAE-SYN-0285,Sales,Commercial,L1,Abu Dhabi,Woman,UAE National,Permanent,2017-09-21,2025-09-27,Exited,7800,8200,0.951,2,82,19,7,No,No
UAE-SYN-0286,Sales,Commercial,L1,Dubai,Woman,UAE National,Permanent,2023-09-13,,Active,8100,8200,0.988,3,68,29,10,No,
UAE-SYN-0287,Sales,Commercial,L1,Dubai,Man,International,Permanent,2020-10-27,,Active,8100,8200,0.988,4,72,47,4,No,
UAE-SYN-0288,Operations,Operations,L4,Dubai,Woman,International,Permanent,2021-03-10,,Active,28300,25600,1.105,4,66,17,5,No,
UAE-SYN-0289,Customer Experience,Customer Experience,L3,Dubai,Man,International,Permanent,2017-09-30,,Active,14000,16000,0.875,3,72,43,7,No,
UAE-SYN-0290,Operations,Operations,L3,Dubai,Man,International,Permanent,2020-10-11,,Active,16900,16900,1.0,2,52,30,17,Yes,
UAE-SYN-0291,Sales,Commercial,L2,Abu Dhabi,Man,International,Permanent,2026-06-01,,Active,12200,12700,0.961,3,74,3,8,No,
UAE-SYN-0292,People & Culture,People & Culture,L2,Sharjah,Woman,UAE National,Permanent,2020-06-11,,Active,11800,13000,0.908,4,87,22,4,No,
UAE-SYN-0293,Operations,Operations,L3,Dubai,Woman,International,Permanent,2021-03-21,,Active,18400,16900,1.089,2,87,23,12,No,
UAE-SYN-0294,Finance,Finance,L3,Dubai,Woman,International,Permanent,2022-06-15,2025-04-21,Exited,20500,21600,0.949,2,80,21,7,Yes,Yes
UAE-SYN-0295,Operations,Operations,L4,Dubai,Man,International,Permanent,2020-12-24,,Active,23300,25600,0.91,4,91,42,3,No,
UAE-SYN-0296,Operations,Operations,L2,Sharjah,Woman,International,Permanent,2019-07-13,,Active,11700,11200,1.045,4,67,17,6,No,
UAE-SYN-0297,Operations,Operations,L1,Abu Dhabi,Woman,International,Permanent,2016-09-30,,Active,7800,7200,1.083,4,81,6,8,No,
UAE-SYN-0298,Operations,Operations,L1,Abu Dhabi,Woman,UAE National,Permanent,2022-08-22,,Active,6900,7200,0.958,4,96,22,6,No,
UAE-SYN-0299,Sales,Commercial,L2,Dubai,Man,International,Permanent,2025-01-26,,Active,10600,12700,0.835,4,81,11,9,No,
UAE-SYN-0300,Finance,Finance,L1,Dubai,Man,International,Permanent,2024-09-15,,Active,7500,9200,0.815,3,66,16,7,No,
UAE-SYN-0301,Sales,Commercial,L3,Abu Dhabi,Man,International,Permanent,2021-05-10,,Active,20100,19300,1.041,3,74,21,8,No,
UAE-SYN-0302,Operations,Operations,L1,Dubai,Man,International,Permanent,2016-06-29,,Active,7400,7200,1.028,3,69,28,7,No,
UAE-SYN-0303,Technology,Technology,L1,Abu Dhabi,Woman,International,Permanent,2020-01-04,2024-11-19,Exited,11500,11500,1.0,4,71,10,4,No,Yes
UAE-SYN-0304,Finance,Finance,L2,Dubai,Man,International,Permanent,2023-04-21,2024-08-08,Exited,12700,14300,0.888,2,57,31,4,No,No
UAE-SYN-0305,Finance,Finance,L3,Dubai,Woman,International,Permanent,2019-12-22,,Active,21200,21600,0.981,2,57,14,8,No,
UAE-SYN-0306,Operations,Operations,L1,Dubai,Man,International,Permanent,2023-04-09,,Active,7200,7200,1.0,2,61,43,6,No,
UAE-SYN-0307,Sales,Commercial,L2,Sharjah,Man,International,Permanent,2016-03-08,,Active,13800,12700,1.087,3,79,3,7,No,
UAE-SYN-0308,Finance,Finance,L4,Abu Dhabi,Man,International,Permanent,2018-08-31,,Active,33700,32700,1.031,3,76,32,8,No,
UAE-SYN-0309,Technology,Technology,L3,Sharjah,Man,International,Fixed-term,2022-05-12,2024-11-24,Exited,29900,27000,1.107,3,68,39,7,Yes,Yes
UAE-SYN-0310,Operations,Operations,L3,Sharjah,Man,International,Permanent,2019-05-05,,Active,17100,16900,1.012,4,90,41,4,No,
UAE-SYN-0311,Customer Experience,Customer Experience,L2,Dubai,Woman,International,Fixed-term,2017-01-03,,Active,10100,10500,0.962,4,83,19,6,No,
UAE-SYN-0312,Operations,Operations,L2,Dubai,Man,International,Permanent,2019-09-09,,Active,13200,11200,1.179,5,94,39,6,No,
UAE-SYN-0313,Operations,Operations,L4,Dubai,Man,International,Permanent,2018-01-03,,Active,26200,25600,1.023,3,72,47,8,No,
UAE-SYN-0314,Sales,Commercial,L1,Abu Dhabi,Woman,International,Permanent,2024-02-06,,Active,7900,8200,0.963,3,89,50,8,No,
UAE-SYN-0315,Sales,Commercial,L3,Dubai,Woman,International,Permanent,2020-01-29,,Active,17100,19300,0.886,4,79,12,8,Yes,
UAE-SYN-0316,Finance,Finance,L1,Abu Dhabi,Man,International,Permanent,2020-12-30,,Active,9800,9200,1.065,5,96,34,4,No,
UAE-SYN-0317,Operations,Operations,L3,Dubai,Man,International,Permanent,2024-10-07,,Active,17300,16900,1.024,4,59,31,4,Yes,
UAE-SYN-0318,Technology,Technology,L3,Abu Dhabi,Man,International,Permanent,2017-07-20,2024-12-03,Exited,29800,27000,1.104,3,46,19,8,No,No
UAE-SYN-0319,Technology,Technology,L1,Abu Dhabi,Man,International,Permanent,2021-08-19,,Active,11000,11500,0.957,3,35,27,2,No,
UAE-SYN-0320,People & Culture,People & Culture,L1,Abu Dhabi,Man,International,Permanent,2021-08-02,,Active,8600,8400,1.024,3,55,48,9,No,
UAE-SYN-0321,Operations,Operations,L3,Dubai,Man,International,Permanent,2019-08-24,,Active,15900,16900,0.941,4,83,26,6,No,
UAE-SYN-0322,People & Culture,People & Culture,L3,Sharjah,Woman,International,Permanent,2025-03-30,,Active,18100,19700,0.919,3,84,28,7,No,
UAE-SYN-0323,Customer Experience,Customer Experience,L2,Dubai,Woman,International,Fixed-term,2024-10-30,2025-12-23,Exited,9700,10500,0.924,4,73,51,1,No,Yes
UAE-SYN-0324,Sales,Commercial,L1,Dubai,Woman,International,Permanent,2024-11-21,,Active,7800,8200,0.951,3,63,28,4,Yes,
UAE-SYN-0325,Sales,Commercial,L3,Dubai,Woman,International,Permanent,2021-02-05,2025-08-20,Exited,18800,19300,0.974,2,51,34,6,Yes,Yes
UAE-SYN-0326,Finance,Finance,L2,Dubai,Woman,International,Permanent,2018-01-09,,Active,14400,14300,1.007,3,80,46,8,No,
UAE-SYN-0327,Technology,Technology,L3,Dubai,Man,UAE National,Permanent,2022-02-26,,Active,28700,27000,1.063,5,69,54,9,No,
UAE-SYN-0328,People & Culture,People & Culture,L2,Dubai,Woman,International,Permanent,2025-06-26,,Active,12600,13000,0.969,4,71,30,5,Yes,
UAE-SYN-0329,Sales,Commercial,L2,Dubai,Woman,International,Permanent,2020-12-11,2025-02-16,Exited,14100,12700,1.11,4,71,24,3,No,Yes
UAE-SYN-0330,Sales,Commercial,L1,Dubai,Man,International,Permanent,2020-02-28,,Active,8100,8200,0.988,3,77,41,5,No,
UAE-SYN-0331,Finance,Finance,L2,Abu Dhabi,Woman,International,Permanent,2016-09-22,,Active,13400,14300,0.937,4,65,22,8,No,
UAE-SYN-0332,Operations,Operations,L1,Dubai,Man,International,Permanent,2018-10-14,2026-01-08,Exited,7300,7200,1.014,4,66,43,7,No,Yes
UAE-SYN-0333,Operations,Operations,L3,Dubai,Woman,International,Permanent,2022-03-24,,Active,17400,16900,1.03,5,88,8,7,Yes,
UAE-SYN-0334,People & Culture,People & Culture,L1,Dubai,Woman,UAE National,Permanent,2022-12-06,,Active,7600,8400,0.905,4,82,36,7,No,
UAE-SYN-0335,People & Culture,People & Culture,L1,Dubai,Man,International,Permanent,2019-04-14,,Active,7100,8400,0.845,4,74,34,7,No,
UAE-SYN-0336,Sales,Commercial,L2,Abu Dhabi,Woman,International,Fixed-term,2016-10-30,,Active,13800,12700,1.087,3,55,38,5,No,
UAE-SYN-0337,Technology,Technology,L1,Abu Dhabi,Woman,UAE National,Permanent,2017-10-30,,Active,10700,11500,0.93,4,59,13,6,No,
UAE-SYN-0338,Operations,Operations,L4,Dubai,Woman,International,Permanent,2025-09-07,,Active,24800,25600,0.969,5,77,25,4,No,
UAE-SYN-0339,Sales,Commercial,L1,Dubai,Man,International,Permanent,2018-07-25,,Active,7600,8200,0.927,3,82,22,8,No,
UAE-SYN-0340,Sales,Commercial,L2,Dubai,Woman,International,Permanent,2021-03-03,2025-08-10,Exited,12600,12700,0.992,4,73,22,7,No,Yes
UAE-SYN-0341,Sales,Commercial,L2,Dubai,Man,International,Permanent,2017-01-05,,Active,14900,12700,1.173,2,75,46,14,No,
UAE-SYN-0342,Finance,Finance,L1,Dubai,Man,UAE National,Permanent,2020-06-06,,Active,8900,9200,0.967,3,73,8,2,No,
UAE-SYN-0343,Sales,Commercial,L1,Dubai,Man,International,Permanent,2023-02-13,,Active,6800,8200,0.829,4,76,8,1,No,
UAE-SYN-0344,Sales,Commercial,L2,Dubai,Woman,International,Permanent,2019-03-29,2025-07-09,Exited,13300,12700,1.047,4,80,19,11,No,Yes
UAE-SYN-0345,Finance,Finance,L1,Abu Dhabi,Woman,International,Permanent,2020-09-15,,Active,10100,9200,1.098,2,62,32,6,No,
UAE-SYN-0346,Finance,Finance,L1,Dubai,Man,International,Permanent,2018-03-15,,Active,9900,9200,1.076,4,88,38,0,No,
UAE-SYN-0347,Customer Experience,Customer Experience,L2,Dubai,Woman,International,Permanent,2020-08-11,,Active,11200,10500,1.067,4,80,25,9,No,
UAE-SYN-0348,Sales,Commercial,L2,Dubai,Man,UAE National,Permanent,2020-06-14,,Active,12900,12700,1.016,4,91,9,8,No,
UAE-SYN-0349,Technology,Technology,L2,Abu Dhabi,Man,International,Permanent,2018-05-12,,Active,16300,17800,0.916,4,59,29,8,No,
UAE-SYN-0350,Customer Experience,Customer Experience,L3,Dubai,Man,International,Fixed-term,2017-09-18,2025-04-28,Exited,16800,16000,1.05,2,71,12,0,Yes,Yes
UAE-SYN-0351,Operations,Operations,L3,Dubai,Man,International,Permanent,2022-03-04,,Active,14500,16900,0.858,3,61,30,14,No,
UAE-SYN-0352,Sales,Commercial,L2,Abu Dhabi,Man,UAE National,Permanent,2018-10-29,,Active,12500,12700,0.984,3,71,10,7,No,
UAE-SYN-0353,Technology,Technology,L2,Abu Dhabi,Man,UAE National,Permanent,2025-06-14,,Active,15700,17800,0.882,3,66,19,4,No,
UAE-SYN-0354,Technology,Technology,L1,Dubai,Woman,International,Permanent,2023-02-21,,Active,11200,11500,0.974,4,71,33,9,No,
UAE-SYN-0355,Technology,Technology,L2,Dubai,Woman,International,Permanent,2021-11-02,,Active,16300,17800,0.916,3,64,45,9,Yes,
UAE-SYN-0356,Sales,Commercial,L2,Dubai,Man,International,Permanent,2024-06-25,,Active,12500,12700,0.984,4,74,9,5,No,
UAE-SYN-0357,Operations,Operations,L2,Dubai,Man,International,Permanent,2018-06-21,,Active,12600,11200,1.125,4,65,19,7,No,
UAE-SYN-0358,Technology,Technology,L4,Sharjah,Woman,International,Permanent,2017-07-21,,Active,41000,40800,1.005,3,73,29,10,Yes,
UAE-SYN-0359,Sales,Commercial,L2,Sharjah,Man,UAE National,Permanent,2023-04-25,,Active,14500,12700,1.142,3,53,24,7,No,
UAE-SYN-0360,Operations,Operations,L2,Dubai,Man,International,Permanent,2024-01-15,,Active,10200,11200,0.911,3,86,9,4,No,
UAE-SYN-0361,Technology,Technology,L3,Sharjah,Woman,International,Permanent,2025-11-03,,Active,23100,27000,0.856,3,60,31,9,No,
UAE-SYN-0362,Sales,Commercial,L1,Dubai,Man,UAE National,Permanent,2021-05-02,,Active,7900,8200,0.963,2,73,32,5,No,
UAE-SYN-0363,Technology,Technology,L4,Dubai,Man,International,Permanent,2022-11-15,,Active,39600,40800,0.971,4,85,3,7,Yes,
UAE-SYN-0364,Technology,Technology,L2,Dubai,Man,International,Permanent,2016-11-02,,Active,17700,17800,0.994,2,69,16,7,Yes,
UAE-SYN-0365,Customer Experience,Customer Experience,L2,Dubai,Woman,International,Permanent,2020-03-03,2025-09-15,Exited,9800,10500,0.933,3,95,24,5,No,No
UAE-SYN-0366,Operations,Operations,L4,Dubai,Woman,International,Permanent,2020-02-12,,Active,24000,25600,0.938,3,73,34,4,No,
UAE-SYN-0367,Sales,Commercial,L2,Abu Dhabi,Woman,International,Permanent,2022-01-11,,Active,10800,12700,0.85,3,59,20,6,No,
UAE-SYN-0368,Technology,Technology,L1,Dubai,Woman,International,Permanent,2017-11-05,,Active,10700,11500,0.93,3,81,36,5,No,
UAE-SYN-0369,Customer Experience,Customer Experience,L4,Dubai,Man,International,Permanent,2023-11-21,2026-07-27,Exited,21300,24100,0.884,3,83,14,7,Yes,Yes
UAE-SYN-0370,Finance,Finance,L2,Dubai,Man,International,Permanent,2022-06-08,,Active,12700,14300,0.888,5,54,12,7,No,
UAE-SYN-0371,Technology,Technology,L1,Sharjah,Man,International,Permanent,2019-12-22,,Active,10900,11500,0.948,4,75,52,6,No,
UAE-SYN-0372,Sales,Commercial,L2,Dubai,Man,International,Fixed-term,2018-03-27,,Active,13300,12700,1.047,3,75,24,10,No,
UAE-SYN-0373,People & Culture,People & Culture,L2,Abu Dhabi,Woman,International,Permanent,2021-09-09,,Active,12800,13000,0.985,3,67,38,8,No,
UAE-SYN-0374,Finance,Finance,L2,Abu Dhabi,Woman,International,Permanent,2025-06-23,,Active,14900,14300,1.042,3,75,12,6,No,
UAE-SYN-0375,Sales,Commercial,L3,Abu Dhabi,Man,International,Permanent,2017-10-16,,Active,19100,19300,0.99,4,79,29,4,No,
UAE-SYN-0376,Operations,Operations,L3,Dubai,Woman,International,Permanent,2021-07-07,2025-02-19,Exited,16100,16900,0.953,3,80,17,9,No,No
UAE-SYN-0377,People & Culture,People & Culture,L1,Dubai,Man,International,Permanent,2019-12-01,,Active,8900,8400,1.06,2,74,45,8,No,
UAE-SYN-0378,Customer Experience,Customer Experience,L2,Dubai,Woman,International,Fixed-term,2024-11-09,,Active,9800,10500,0.933,4,77,9,10,No,
UAE-SYN-0379,Operations,Operations,L1,Dubai,Woman,International,Permanent,2025-08-25,,Active,7800,7200,1.083,5,83,18,4,No,
UAE-SYN-0380,Technology,Technology,L2,Dubai,Woman,International,Fixed-term,2017-10-10,,Active,16600,17800,0.933,3,82,30,4,No,
UAE-SYN-0381,Finance,Finance,L2,Dubai,Woman,International,Permanent,2025-10-02,,Active,13600,14300,0.951,3,63,46,11,No,
UAE-SYN-0382,Operations,Operations,L4,Sharjah,Man,International,Fixed-term,2022-04-07,2026-06-17,Exited,24400,25600,0.953,3,84,43,4,No,No
UAE-SYN-0383,Sales,Commercial,L2,Dubai,Woman,UAE National,Fixed-term,2026-01-25,,Active,10300,12700,0.811,2,84,32,4,No,
UAE-SYN-0384,Operations,Operations,L1,Dubai,Man,International,Permanent,2018-07-23,,Active,8000,7200,1.111,3,70,23,5,No,
UAE-SYN-0385,Operations,Operations,L1,Dubai,Man,International,Permanent,2026-06-07,,Active,6900,7200,0.958,4,78,14,7,No,
UAE-SYN-0386,Operations,Operations,L3,Abu Dhabi,Man,International,Permanent,2019-10-10,,Active,17400,16900,1.03,4,80,19,7,No,
UAE-SYN-0387,Operations,Operations,L1,Sharjah,Woman,International,Fixed-term,2025-07-20,,Active,7900,7200,1.097,3,91,9,3,No,
UAE-SYN-0388,Finance,Finance,L2,Dubai,Woman,International,Permanent,2017-01-15,,Active,13800,14300,0.965,3,62,28,7,No,
UAE-SYN-0389,Operations,Operations,L3,Abu Dhabi,Woman,International,Permanent,2024-09-21,,Active,16500,16900,0.976,4,74,28,3,No,
UAE-SYN-0390,Sales,Commercial,L3,Dubai,Man,International,Fixed-term,2023-10-27,,Active,18100,19300,0.938,3,67,10,5,Yes,
UAE-SYN-0391,Operations,Operations,L2,Dubai,Man,International,Permanent,2018-12-30,,Active,12000,11200,1.071,5,82,14,7,No,
UAE-SYN-0392,Technology,Technology,L1,Sharjah,Woman,International,Permanent,2025-01-30,,Active,10000,11500,0.87,2,96,20,4,Yes,
UAE-SYN-0393,Technology,Technology,L1,Dubai,Woman,UAE National,Permanent,2017-10-20,,Active,9900,11500,0.861,3,77,33,12,No,
UAE-SYN-0394,Customer Experience,Customer Experience,L3,Dubai,Man,International,Permanent,2022-10-11,,Active,14600,16000,0.912,3,63,29,8,No,
UAE-SYN-0395,Customer Experience,Customer Experience,L3,Sharjah,Woman,International,Permanent,2017-08-12,,Active,16000,16000,1.0,4,85,16,8,No,
UAE-SYN-0396,People & Culture,People & Culture,L1,Dubai,Man,UAE National,Permanent,2024-11-19,,Active,9000,8400,1.071,3,67,24,8,No,
UAE-SYN-0397,Operations,Operations,L1,Abu Dhabi,Woman,International,Permanent,2022-10-10,,Active,7000,7200,0.972,3,63,47,8,No,
UAE-SYN-0398,Sales,Commercial,L3,Dubai,Woman,International,Permanent,2021-10-15,,Active,19400,19300,1.005,4,75,25,7,Yes,
UAE-SYN-0399,Operations,Operations,L2,Sharjah,Man,International,Fixed-term,2019-12-17,2026-02-07,Exited,11100,11200,0.991,3,69,15,3,No,No
UAE-SYN-0400,Sales,Commercial,L2,Dubai,Man,International,Fixed-term,2020-02-25,,Active,13400,12700,1.055,4,63,17,2,No,
UAE-SYN-0401,Operations,Operations,L1,Sharjah,Woman,International,Fixed-term,2023-04-28,,Active,6500,7200,0.903,3,80,51,7,No,
UAE-SYN-0402,Operations,Operations,L2,Abu Dhabi,Woman,International,Permanent,2023-09-11,,Active,9500,11200,0.848,3,63,10,3,Yes,
UAE-SYN-0403,Technology,Technology,L3,Dubai,Woman,International,Permanent,2016-09-13,,Active,25100,27000,0.93,3,50,35,8,No,
UAE-SYN-0404,Operations,Operations,L3,Dubai,Woman,International,Permanent,2019-09-06,,Active,15900,16900,0.941,2,70,8,9,No,
UAE-SYN-0405,Customer Experience,Customer Experience,L2,Dubai,Woman,UAE National,Permanent,2018-12-20,,Active,11300,10500,1.076,3,71,44,4,Yes,
UAE-SYN-0406,Technology,Technology,L1,Dubai,Man,International,Permanent,2017-07-19,,Active,11600,11500,1.009,3,83,28,4,No,
UAE-SYN-0407,Finance,Finance,L2,Dubai,Woman,UAE National,Permanent,2022-04-08,,Active,14000,14300,0.979,4,87,23,3,No,
UAE-SYN-0408,Customer Experience,Customer Experience,L2,Dubai,Woman,UAE National,Permanent,2024-02-28,,Active,9600,10500,0.914,3,61,13,7,No,
UAE-SYN-0409,Operations,Operations,L1,Sharjah,Man,International,Permanent,2019-03-31,,Active,8200,7200,1.139,3,64,18,10,No,
UAE-SYN-0410,Operations,Operations,L2,Dubai,Man,International,Permanent,2016-10-05,,Active,11600,11200,1.036,3,67,27,7,No,
UAE-SYN-0411,Sales,Commercial,L2,Dubai,Woman,International,Permanent,2022-09-12,,Active,11100,12700,0.874,4,86,22,5,No,
UAE-SYN-0412,People & Culture,People & Culture,L2,Abu Dhabi,Man,International,Permanent,2020-02-01,,Active,13000,13000,1.0,3,71,37,2,No,
UAE-SYN-0413,Sales,Commercial,L1,Dubai,Man,International,Permanent,2024-02-26,,Active,8500,8200,1.037,3,74,30,9,No,
UAE-SYN-0414,Customer Experience,Customer Experience,L3,Dubai,Woman,International,Permanent,2021-10-07,,Active,17000,16000,1.062,4,89,24,7,No,
UAE-SYN-0415,Sales,Commercial,L3,Dubai,Man,International,Permanent,2020-02-02,,Active,17300,19300,0.896,4,69,30,11,No,
UAE-SYN-0416,Technology,Technology,L1,Dubai,Woman,International,Fixed-term,2020-07-12,,Active,11100,11500,0.965,4,73,30,3,No,
UAE-SYN-0417,People & Culture,People & Culture,L1,Abu Dhabi,Man,UAE National,Fixed-term,2024-12-08,,Active,7500,8400,0.893,3,74,39,6,No,
UAE-SYN-0418,People & Culture,People & Culture,L1,Abu Dhabi,Woman,International,Permanent,2022-07-24,,Active,7800,8400,0.929,4,77,10,5,No,
UAE-SYN-0419,Sales,Commercial,L1,Sharjah,Woman,International,Permanent,2021-06-05,,Active,7700,8200,0.939,3,78,35,4,Yes,
UAE-SYN-0420,Technology,Technology,L2,Dubai,Woman,International,Permanent,2018-04-16,,Active,17300,17800,0.972,3,80,0,4,No,
UAE-SYN-0421,Customer Experience,Customer Experience,L2,Dubai,Man,International,Permanent,2020-06-16,2026-07-22,Exited,10400,10500,0.99,3,76,25,1,No,No
UAE-SYN-0422,Finance,Finance,L1,Sharjah,Woman,International,Permanent,2023-01-05,2024-11-25,Exited,8300,9200,0.902,3,76,10,7,No,No
UAE-SYN-0423,Technology,Technology,L1,Sharjah,Man,International,Permanent,2018-11-14,2025-02-15,Exited,11600,11500,1.009,1,61,27,5,No,No
UAE-SYN-0424,Operations,Operations,L4,Abu Dhabi,Man,International,Permanent,2018-11-20,,Active,27700,25600,1.082,4,68,13,8,No,
UAE-SYN-0425,Technology,Technology,L2,Abu Dhabi,Man,International,Permanent,2025-07-20,,Active,15500,17800,0.871,3,84,23,7,No,
UAE-SYN-0426,Sales,Commercial,L2,Abu Dhabi,Woman,International,Permanent,2023-08-20,,Active,13200,12700,1.039,3,71,41,12,No,
UAE-SYN-0427,Finance,Finance,L2,Sharjah,Woman,International,Permanent,2024-07-09,,Active,14400,14300,1.007,3,75,6,6,No,
UAE-SYN-0428,Customer Experience,Customer Experience,L2,Abu Dhabi,Woman,UAE National,Permanent,2022-09-04,,Active,9500,10500,0.905,4,86,36,8,No,
UAE-SYN-0429,Customer Experience,Customer Experience,L1,Dubai,Woman,International,Permanent,2016-07-25,,Active,6000,6800,0.882,4,58,28,6,No,
UAE-SYN-0430,Customer Experience,Customer Experience,L2,Dubai,Woman,International,Permanent,2021-10-11,2025-09-10,Exited,9800,10500,0.933,4,74,28,13,Yes,Yes
UAE-SYN-0431,Finance,Finance,L1,Dubai,Woman,UAE National,Permanent,2017-01-27,,Active,9300,9200,1.011,4,68,2,5,No,
UAE-SYN-0432,Customer Experience,Customer Experience,L2,Sharjah,Woman,International,Fixed-term,2017-09-27,2025-08-29,Exited,9800,10500,0.933,3,77,35,5,Yes,Yes
UAE-SYN-0433,Operations,Operations,L1,Dubai,Man,International,Permanent,2016-08-08,,Active,6800,7200,0.944,3,92,28,3,No,
UAE-SYN-0434,Operations,Operations,L1,Dubai,Man,International,Permanent,2022-06-29,,Active,6600,7200,0.917,3,96,16,6,No,
UAE-SYN-0435,Operations,Operations,L2,Dubai,Woman,International,Permanent,2021-09-10,,Active,10500,11200,0.938,3,67,33,4,No,
UAE-SYN-0436,Technology,Technology,L3,Dubai,Man,International,Permanent,2019-09-15,2025-08-14,Exited,29300,27000,1.085,3,74,25,7,No,No
UAE-SYN-0437,Technology,Technology,L1,Dubai,Man,International,Fixed-term,2026-02-15,,Active,10900,11500,0.948,3,57,10,9,No,
UAE-SYN-0438,Sales,Commercial,L1,Dubai,Woman,UAE National,Fixed-term,2021-06-03,,Active,7600,8200,0.927,5,89,34,8,No,
UAE-SYN-0439,People & Culture,People & Culture,L1,Abu Dhabi,Man,UAE National,Permanent,2024-03-08,,Active,7100,8400,0.845,3,84,31,6,No,
UAE-SYN-0440,Finance,Finance,L1,Dubai,Woman,International,Fixed-term,2016-03-08,,Active,8600,9200,0.935,3,70,21,6,No,
UAE-SYN-0441,Sales,Commercial,L1,Dubai,Man,International,Permanent,2023-11-17,,Active,8200,8200,1.0,4,69,39,9,No,
UAE-SYN-0442,Technology,Technology,L4,Dubai,Woman,UAE National,Fixed-term,2018-07-17,,Active,42800,40800,1.049,3,57,15,1,No,
UAE-SYN-0443,Finance,Finance,L2,Abu Dhabi,Woman,International,Permanent,2025-02-10,,Active,13700,14300,0.958,3,83,30,5,No,
UAE-SYN-0444,Operations,Operations,L1,Dubai,Woman,International,Permanent,2020-08-26,,Active,6700,7200,0.931,2,68,29,3,Yes,
UAE-SYN-0445,Operations,Operations,L3,Abu Dhabi,Man,International,Permanent,2025-07-05,,Active,13900,16900,0.822,3,83,41,10,No,
UAE-SYN-0446,Customer Experience,Customer Experience,L4,Dubai,Woman,International,Permanent,2021-07-22,,Active,22000,24100,0.913,4,80,21,7,No,
UAE-SYN-0447,Technology,Technology,L2,Sharjah,Man,International,Permanent,2019-10-19,2026-03-22,Exited,17900,17800,1.006,4,79,34,6,No,Yes
UAE-SYN-0448,Operations,Operations,L1,Sharjah,Man,UAE National,Fixed-term,2017-06-22,2025-07-20,Exited,7300,7200,1.014,4,79,24,9,No,Yes
UAE-SYN-0449,Sales,Commercial,L2,Abu Dhabi,Woman,International,Permanent,2019-12-26,,Active,11200,12700,0.882,4,60,24,6,No,
UAE-SYN-0450,Technology,Technology,L1,Dubai,Woman,International,Fixed-term,2020-02-20,2025-02-02,Exited,10700,11500,0.93,3,60,27,9,Yes,Yes
UAE-SYN-0451,Operations,Operations,L3,Dubai,Woman,International,Permanent,2017-03-16,2026-05-14,Exited,16200,16900,0.959,5,66,24,7,No,Yes
UAE-SYN-0452,Sales,Commercial,L2,Dubai,Woman,International,Permanent,2017-09-04,2026-04-13,Exited,11300,12700,0.89,3,58,25,8,No,No
UAE-SYN-0453,Operations,Operations,L2,Dubai,Man,International,Fixed-term,2016-08-08,,Active,13200,11200,1.179,3,66,16,3,No,
UAE-SYN-0454,Customer Experience,Customer Experience,L2,Dubai,Woman,International,Permanent,2017-05-21,,Active,10900,10500,1.038,5,66,18,2,No,
UAE-SYN-0455,Operations,Operations,L2,Abu Dhabi,Man,International,Permanent,2024-08-21,,Active,9600,11200,0.857,4,67,43,5,No,
UAE-SYN-0456,Technology,Technology,L3,Abu Dhabi,Woman,International,Permanent,2025-05-23,,Active,24700,27000,0.915,2,70,5,4,No,
UAE-SYN-0457,Finance,Finance,L1,Dubai,Woman,International,Permanent,2021-07-01,2025-08-30,Exited,8600,9200,0.935,2,93,39,3,No,No
UAE-SYN-0458,Customer Experience,Customer Experience,L3,Dubai,Man,UAE National,Permanent,2018-03-21,2026-01-24,Exited,14600,16000,0.912,3,62,0,4,No,No
UAE-SYN-0459,Technology,Technology,L2,Dubai,Man,International,Permanent,2021-05-29,,Active,16900,17800,0.949,4,87,23,7,No,
UAE-SYN-0460,Operations,Operations,L1,Abu Dhabi,Man,International,Fixed-term,2020-06-01,,Active,7100,7200,0.986,3,64,30,6,No,
UAE-SYN-0461,Technology,Technology,L3,Dubai,Man,International,Fixed-term,2023-04-27,2025-11-07,Exited,25500,27000,0.944,3,76,11,7,No,No
UAE-SYN-0462,Sales,Commercial,L1,Abu Dhabi,Woman,International,Permanent,2016-03-12,,Active,8100,8200,0.988,3,77,27,6,No,
UAE-SYN-0463,Customer Experience,Customer Experience,L1,Dubai,Woman,International,Permanent,2024-08-13,2025-12-24,Exited,6500,6800,0.956,2,74,28,2,No,No
UAE-SYN-0464,Operations,Operations,L1,Abu Dhabi,Woman,International,Permanent,2024-09-26,,Active,6400,7200,0.889,3,81,15,7,No,
UAE-SYN-0465,Customer Experience,Customer Experience,L2,Dubai,Man,International,Permanent,2018-03-04,2024-10-03,Exited,9900,10500,0.943,2,70,29,3,No,No
UAE-SYN-0466,Operations,Operations,L2,Dubai,Woman,International,Permanent,2022-12-20,,Active,10000,11200,0.893,3,70,22,9,No,
UAE-SYN-0467,Operations,Operations,L4,Dubai,Woman,UAE National,Permanent,2026-05-27,,Active,24900,25600,0.973,3,70,15,6,Yes,
UAE-SYN-0468,Operations,Operations,L2,Dubai,Woman,International,Permanent,2019-04-15,,Active,11300,11200,1.009,3,43,18,10,Yes,
UAE-SYN-0469,Technology,Technology,L2,Dubai,Woman,International,Permanent,2020-10-23,,Active,15500,17800,0.871,3,52,6,5,No,
UAE-SYN-0470,Technology,Technology,L1,Dubai,Woman,International,Permanent,2017-03-24,,Active,11900,11500,1.035,3,51,1,3,No,
UAE-SYN-0471,People & Culture,People & Culture,L1,Dubai,Man,International,Permanent,2023-07-18,,Active,9000,8400,1.071,4,69,29,9,No,
UAE-SYN-0472,Technology,Technology,L1,Dubai,Woman,International,Fixed-term,2022-08-13,,Active,10200,11500,0.887,4,93,25,0,No,
UAE-SYN-0473,Sales,Commercial,L1,Dubai,Woman,International,Fixed-term,2021-10-28,,Active,8400,8200,1.024,4,58,27,8,No,
UAE-SYN-0474,Operations,Operations,L3,Abu Dhabi,Woman,International,Permanent,2016-11-26,,Active,18100,16900,1.071,4,61,19,9,No,
UAE-SYN-0475,Sales,Commercial,L2,Dubai,Woman,International,Permanent,2024-12-04,,Active,10600,12700,0.835,3,67,32,8,No,
UAE-SYN-0476,Operations,Operations,L2,Dubai,Woman,International,Permanent,2026-01-15,,Active,10200,11200,0.911,4,87,21,6,No,
UAE-SYN-0477,Sales,Commercial,L1,Dubai,Woman,International,Permanent,2017-09-07,,Active,8000,8200,0.976,4,85,25,9,No,
UAE-SYN-0478,Technology,Technology,L2,Dubai,Man,International,Permanent,2016-08-22,,Active,20400,17800,1.146,5,87,27,0,Yes,
UAE-SYN-0479,Customer Experience,Customer Experience,L3,Abu Dhabi,Man,International,Permanent,2018-07-28,,Active,14600,16000,0.912,5,75,25,1,No,
UAE-SYN-0480,People & Culture,People & Culture,L1,Dubai,Man,International,Permanent,2024-05-26,,Active,8300,8400,0.988,3,91,27,9,No,
UAE-SYN-0481,Sales,Commercial,L1,Dubai,Man,International,Permanent,2021-03-04,,Active,8000,8200,0.976,4,81,29,9,No,
UAE-SYN-0482,Finance,Finance,L1,Dubai,Man,International,Permanent,2019-08-01,,Active,8900,9200,0.967,5,63,29,7,No,
UAE-SYN-0483,Customer Experience,Customer Experience,L2,Dubai,Woman,International,Permanent,2024-02-10,,Active,9100,10500,0.867,5,73,39,0,No,
UAE-SYN-0484,Operations,Operations,L4,Abu Dhabi,Woman,UAE National,Permanent,2024-01-12,2025-07-20,Exited,24300,25600,0.949,3,69,14,12,No,No
UAE-SYN-0485,Sales,Commercial,L1,Dubai,Man,International,Fixed-term,2018-02-19,,Active,8300,8200,1.012,3,65,11,2,No,
UAE-SYN-0486,Technology,Technology,L2,Dubai,Woman,International,Permanent,2016-02-06,,Active,17100,17800,0.961,3,63,17,6,No,
UAE-SYN-0487,Sales,Commercial,L2,Abu Dhabi,Woman,International,Permanent,2024-10-03,,Active,12700,12700,1.0,3,62,8,7,No,
UAE-SYN-0488,Operations,Operations,L1,Abu Dhabi,Woman,International,Permanent,2018-01-28,,Active,7000,7200,0.972,4,76,35,10,No,
UAE-SYN-0489,Operations,Operations,L2,Abu Dhabi,Woman,International,Permanent,2019-04-07,2025-04-08,Exited,11600,11200,1.036,3,89,16,8,No,No
UAE-SYN-0490,Operations,Operations,L2,Abu Dhabi,Woman,UAE National,Permanent,2022-05-08,,Active,10500,11200,0.938,4,70,18,13,No,
UAE-SYN-0491,Sales,Commercial,L2,Dubai,Man,International,Permanent,2016-12-18,,Active,12400,12700,0.976,2,54,10,7,No,
UAE-SYN-0492,Technology,Technology,L2,Dubai,Man,UAE National,Permanent,2017-10-11,,Active,17400,17800,0.978,1,73,25,6,No,
UAE-SYN-0493,Customer Experience,Customer Experience,L3,Dubai,Man,International,Permanent,2019-08-26,,Active,18200,16000,1.137,2,56,23,7,No,
UAE-SYN-0494,Technology,Technology,L1,Sharjah,Woman,International,Permanent,2018-05-13,2026-01-11,Exited,11700,11500,1.017,5,72,45,3,No,Yes
UAE-SYN-0495,Finance,Finance,L1,Dubai,Man,International,Permanent,2024-04-14,2025-05-27,Exited,9000,9200,0.978,3,69,10,4,No,No
UAE-SYN-0496,Sales,Commercial,L3,Sharjah,Woman,International,Permanent,2021-11-30,2026-07-02,Exited,17000,19300,0.881,3,65,12,9,Yes,Yes
UAE-SYN-0497,People & Culture,People & Culture,L1,Abu Dhabi,Woman,UAE National,Permanent,2019-10-08,,Active,7500,8400,0.893,2,75,32,3,No,
UAE-SYN-0498,Finance,Finance,L3,Dubai,Woman,International,Permanent,2017-06-10,,Active,22500,21600,1.042,2,64,29,6,No,
UAE-SYN-0499,Operations,Operations,L1,Dubai,Woman,International,Permanent,2016-09-29,,Active,8000,7200,1.111,3,77,10,5,No,
UAE-SYN-0500,Customer Experience,Customer Experience,L4,Dubai,Man,International,Permanent,2026-02-03,,Active,20400,24100,0.846,2,54,1,11,No,
UAE-SYN-0501,Technology,Technology,L1,Dubai,Man,International,Permanent,2017-10-19,,Active,10600,11500,0.922,4,94,27,5,No,
UAE-SYN-0502,Operations,Operations,L3,Dubai,Man,International,Permanent,2022-06-18,,Active,17400,16900,1.03,3,83,31,4,Yes,
UAE-SYN-0503,Sales,Commercial,L1,Dubai,Woman,International,Permanent,2019-01-19,,Active,8100,8200,0.988,4,79,37,5,No,
UAE-SYN-0504,Customer Experience,Customer Experience,L3,Abu Dhabi,Man,International,Permanent,2016-07-01,,Active,17000,16000,1.062,3,61,48,7,No,
UAE-SYN-0505,Customer Experience,Customer Experience,L2,Abu Dhabi,Man,International,Permanent,2022-07-08,,Active,11300,10500,1.076,3,80,34,12,No,
UAE-SYN-0506,Technology,Technology,L2,Dubai,Man,UAE National,Permanent,2020-03-16,2024-11-09,Exited,17500,17800,0.983,5,88,38,5,Yes,Yes
UAE-SYN-0507,Sales,Commercial,L1,Abu Dhabi,Woman,UAE National,Permanent,2019-08-04,,Active,7800,8200,0.951,3,61,21,6,No,
UAE-SYN-0508,Finance,Finance,L1,Dubai,Man,International,Permanent,2024-03-07,,Active,9000,9200,0.978,3,88,25,7,No,
UAE-SYN-0509,Customer Experience,Customer Experience,L2,Dubai,Woman,International,Permanent,2017-01-23,,Active,11900,10500,1.133,3,74,11,6,No,
UAE-SYN-0510,Operations,Operations,L2,Dubai,Woman,International,Permanent,2016-12-18,,Active,11300,11200,1.009,4,87,32,0,No,
UAE-SYN-0511,Technology,Technology,L1,Abu Dhabi,Woman,International,Permanent,2017-08-19,,Active,12300,11500,1.07,4,82,50,5,No,
UAE-SYN-0512,Customer Experience,Customer Experience,L2,Dubai,Man,International,Permanent,2016-12-28,,Active,11300,10500,1.076,2,70,24,0,No,
UAE-SYN-0513,Operations,Operations,L2,Dubai,Man,International,Permanent,2024-04-06,,Active,11000,11200,0.982,3,72,19,5,No,
UAE-SYN-0514,Sales,Commercial,L1,Dubai,Man,UAE National,Permanent,2020-05-30,,Active,8300,8200,1.012,4,90,23,6,No,
UAE-SYN-0515,Customer Experience,Customer Experience,L2,Sharjah,Man,UAE National,Permanent,2026-03-03,,Active,8500,10500,0.81,4,62,43,6,Yes,
UAE-SYN-0516,Finance,Finance,L1,Abu Dhabi,Man,International,Permanent,2018-11-08,,Active,8700,9200,0.946,4,77,52,7,No,
UAE-SYN-0517,Finance,Finance,L1,Sharjah,Woman,International,Permanent,2024-10-02,,Active,9000,9200,0.978,4,66,14,9,No,
UAE-SYN-0518,Operations,Operations,L1,Dubai,Woman,International,Permanent,2017-11-18,,Active,7600,7200,1.056,4,67,33,3,No,
UAE-SYN-0519,Customer Experience,Customer Experience,L1,Abu Dhabi,Woman,International,Permanent,2016-02-20,,Active,7100,6800,1.044,3,60,29,6,No,
UAE-SYN-0520,People & Culture,People & Culture,L3,Dubai,Woman,International,Permanent,2020-05-16,,Active,16400,19700,0.832,3,63,19,5,Yes,
UAE-SYN-0521,Technology,Technology,L4,Abu Dhabi,Woman,UAE National,Permanent,2026-01-16,,Active,35800,40800,0.877,3,70,21,9,No,
UAE-SYN-0522,Operations,Operations,L3,Abu Dhabi,Man,International,Fixed-term,2017-05-13,2026-07-14,Exited,17400,16900,1.03,4,73,18,8,No,Yes
UAE-SYN-0523,Sales,Commercial,L1,Dubai,Woman,International,Permanent,2022-06-28,,Active,8000,8200,0.976,5,84,15,8,No,
UAE-SYN-0524,People & Culture,People & Culture,L2,Sharjah,Woman,International,Permanent,2016-03-17,,Active,14000,13000,1.077,4,81,33,8,No,
UAE-SYN-0525,Operations,Operations,L3,Dubai,Woman,International,Permanent,2017-03-27,,Active,16100,16900,0.953,2,67,22,7,Yes,
UAE-SYN-0526,Customer Experience,Customer Experience,L2,Dubai,Man,International,Permanent,2022-01-17,,Active,11100,10500,1.057,4,75,46,7,No,
UAE-SYN-0527,Customer Experience,Customer Experience,L2,Dubai,Man,UAE National,Permanent,2018-02-26,,Active,10500,10500,1.0,4,81,42,11,No,
UAE-SYN-0528,Customer Experience,Customer Experience,L2,Dubai,Woman,UAE National,Permanent,2021-10-19,,Active,9200,10500,0.876,3,71,45,12,No,
UAE-SYN-0529,Operations,Operations,L1,Dubai,Woman,International,Fixed-term,2019-01-27,,Active,6700,7200,0.931,2,83,30,7,No,
UAE-SYN-0530,Customer Experience,Customer Experience,L1,Dubai,Man,International,Permanent,2017-11-29,,Active,7000,6800,1.029,2,56,39,7,No,
UAE-SYN-0531,Finance,Finance,L2,Dubai,Man,International,Permanent,2021-06-04,,Active,14900,14300,1.042,3,66,24,6,No,
UAE-SYN-0532,Operations,Operations,L2,Dubai,Woman,UAE National,Permanent,2022-10-07,,Active,12800,11200,1.143,3,61,16,6,No,
UAE-SYN-0533,Customer Experience,Customer Experience,L2,Abu Dhabi,Woman,International,Permanent,2016-03-18,,Active,10900,10500,1.038,3,79,20,6,No,
UAE-SYN-0534,Operations,Operations,L1,Dubai,Man,International,Permanent,2023-09-20,2026-04-05,Exited,7100,7200,0.986,4,59,34,9,No,Yes
UAE-SYN-0535,Technology,Technology,L2,Abu Dhabi,Man,International,Permanent,2017-04-14,,Active,17500,17800,0.983,3,82,29,3,No,
UAE-SYN-0536,Finance,Finance,L3,Dubai,Woman,International,Permanent,2021-08-25,,Active,24500,21600,1.134,3,65,34,12,Yes,
UAE-SYN-0537,Operations,Operations,L3,Dubai,Woman,International,Permanent,2019-03-21,,Active,15700,16900,0.929,3,62,30,9,No,
UAE-SYN-0538,Operations,Operations,L1,Dubai,Man,International,Permanent,2020-09-24,,Active,6900,7200,0.958,3,75,18,8,Yes,
UAE-SYN-0539,Customer Experience,Customer Experience,L2,Dubai,Man,UAE National,Permanent,2018-12-29,,Active,10900,10500,1.038,3,61,28,8,No,
UAE-SYN-0540,Operations,Operations,L1,Sharjah,Man,International,Permanent,2026-01-26,,Active,7000,7200,0.972,3,71,39,4,No,
UAE-SYN-0541,Finance,Finance,L2,Dubai,Man,UAE National,Fixed-term,2022-01-08,,Active,13400,14300,0.937,3,62,19,7,No,
UAE-SYN-0542,Sales,Commercial,L1,Dubai,Woman,International,Permanent,2023-07-23,,Active,6900,8200,0.841,3,78,28,8,No,
UAE-SYN-0543,Operations,Operations,L1,Sharjah,Man,International,Permanent,2017-06-25,,Active,7900,7200,1.097,3,78,50,2,No,
UAE-SYN-0544,Finance,Finance,L1,Abu Dhabi,Man,International,Permanent,2024-11-24,,Active,9000,9200,0.978,3,81,26,8,No,
UAE-SYN-0545,Sales,Commercial,L1,Abu Dhabi,Woman,International,Permanent,2017-05-01,2024-10-27,Exited,7900,8200,0.963,3,71,36,9,No,No
UAE-SYN-0546,Sales,Commercial,L2,Dubai,Woman,International,Fixed-term,2025-07-29,,Active,13400,12700,1.055,5,96,34,7,No,
UAE-SYN-0547,Operations,Operations,L1,Abu Dhabi,Man,International,Fixed-term,2018-05-17,,Active,6700,7200,0.931,4,80,26,11,No,
UAE-SYN-0548,Finance,Finance,L2,Dubai,Woman,International,Permanent,2020-10-26,,Active,13900,14300,0.972,3,65,32,2,No,
UAE-SYN-0549,Sales,Commercial,L1,Dubai,Woman,International,Permanent,2024-09-21,,Active,7600,8200,0.927,2,64,35,6,No,
UAE-SYN-0550,Sales,Commercial,L3,Sharjah,Woman,International,Permanent,2017-06-09,2026-03-19,Exited,19400,19300,1.005,2,81,13,7,No,No
UAE-SYN-0551,Sales,Commercial,L2,Abu Dhabi,Man,International,Permanent,2017-04-08,2026-04-29,Exited,13600,12700,1.071,2,62,16,3,No,No
UAE-SYN-0552,Finance,Finance,L1,Sharjah,Woman,International,Permanent,2021-05-20,2025-07-09,Exited,8600,9200,0.935,3,76,20,7,No,No
UAE-SYN-0553,Customer Experience,Customer Experience,L2,Dubai,Man,UAE National,Permanent,2016-01-12,,Active,11900,10500,1.133,4,85,42,6,No,
UAE-SYN-0554,Customer Experience,Customer Experience,L2,Dubai,Woman,International,Permanent,2025-06-20,2025-10-26,Exited,9400,10500,0.895,3,83,27,9,No,No
UAE-SYN-0555,People & Culture,People & Culture,L2,Dubai,Woman,International,Fixed-term,2026-01-17,,Active,11600,13000,0.892,5,64,19,10,No,
UAE-SYN-0556,Customer Experience,Customer Experience,L1,Dubai,Man,International,Permanent,2016-03-07,,Active,6900,6800,1.015,4,69,20,3,No,
UAE-SYN-0557,Finance,Finance,L2,Dubai,Man,UAE National,Permanent,2019-03-18,2025-03-29,Exited,14400,14300,1.007,4,71,41,10,No,Yes
UAE-SYN-0558,Customer Experience,Customer Experience,L2,Dubai,Man,International,Permanent,2017-01-23,,Active,11600,10500,1.105,2,69,31,4,No,
UAE-SYN-0559,Customer Experience,Customer Experience,L1,Abu Dhabi,Man,International,Permanent,2019-08-10,,Active,6000,6800,0.882,4,77,40,3,No,
UAE-SYN-0560,Operations,Operations,L1,Abu Dhabi,Man,UAE National,Permanent,2017-10-04,,Active,7200,7200,1.0,3,80,32,6,No,
UAE-SYN-0561,Operations,Operations,L2,Abu Dhabi,Man,International,Permanent,2022-05-26,,Active,11000,11200,0.982,3,84,4,11,Yes,
UAE-SYN-0562,Technology,Technology,L2,Dubai,Woman,International,Permanent,2018-08-09,,Active,17700,17800,0.994,3,82,27,10,No,
UAE-SYN-0563,People & Culture,People & Culture,L1,Abu Dhabi,Man,International,Permanent,2022-05-27,,Active,9100,8400,1.083,4,75,29,5,No,
UAE-SYN-0564,Technology,Technology,L2,Abu Dhabi,Man,UAE National,Permanent,2018-06-09,,Active,19600,17800,1.101,4,90,18,4,No,
UAE-SYN-0565,Sales,Commercial,L1,Dubai,Woman,UAE National,Permanent,2023-09-06,,Active,8500,8200,1.037,4,94,22,4,No,
UAE-SYN-0566,Sales,Commercial,L1,Abu Dhabi,Man,International,Permanent,2024-01-25,,Active,7900,8200,0.963,4,87,40,10,No,
UAE-SYN-0567,Operations,Operations,L1,Abu Dhabi,Woman,International,Permanent,2021-12-28,2026-07-14,Exited,7600,7200,1.056,3,81,5,9,Yes,Yes
UAE-SYN-0568,Finance,Finance,L2,Dubai,Woman,International,Fixed-term,2017-01-12,,Active,16000,14300,1.119,4,73,65,4,No,
UAE-SYN-0569,Customer Experience,Customer Experience,L1,Dubai,Man,International,Permanent,2021-07-15,,Active,6500,6800,0.956,3,68,41,8,No,
UAE-SYN-0570,People & Culture,People & Culture,L1,Abu Dhabi,Man,International,Permanent,2024-05-26,2025-09-26,Exited,8100,8400,0.964,4,92,30,7,No,Yes
UAE-SYN-0571,Customer Experience,Customer Experience,L2,Dubai,Man,International,Permanent,2025-10-09,,Active,10200,10500,0.971,3,71,38,4,No,
UAE-SYN-0572,Technology,Technology,L3,Abu Dhabi,Man,UAE National,Permanent,2024-08-02,,Active,27400,27000,1.015,4,87,16,6,No,
UAE-SYN-0573,Operations,Operations,L2,Abu Dhabi,Woman,UAE National,Permanent,2018-07-28,,Active,12200,11200,1.089,5,89,0,5,Yes,
UAE-SYN-0574,Customer Experience,Customer Experience,L1,Sharjah,Woman,International,Permanent,2019-06-18,,Active,7600,6800,1.118,4,55,20,4,No,
UAE-SYN-0575,Operations,Operations,L1,Sharjah,Woman,International,Fixed-term,2019-11-17,,Active,7200,7200,1.0,4,88,14,4,No,
UAE-SYN-0576,Operations,Operations,L2,Dubai,Woman,International,Permanent,2024-11-06,,Active,10600,11200,0.946,3,73,21,11,No,
UAE-SYN-0577,Customer Experience,Customer Experience,L2,Sharjah,Woman,International,Fixed-term,2022-06-20,,Active,10200,10500,0.971,2,72,35,4,No,
UAE-SYN-0578,Technology,Technology,L2,Sharjah,Woman,International,Permanent,2023-11-09,,Active,17000,17800,0.955,3,96,33,6,No,
UAE-SYN-0579,Sales,Commercial,L2,Dubai,Woman,International,Fixed-term,2025-11-27,,Active,12500,12700,0.984,4,68,30,8,No,
UAE-SYN-0580,Technology,Technology,L1,Abu Dhabi,Woman,International,Permanent,2021-02-08,,Active,11600,11500,1.009,4,59,7,3,No,
UAE-SYN-0581,Customer Experience,Customer Experience,L3,Dubai,Man,International,Permanent,2019-02-03,2025-09-09,Exited,16200,16000,1.012,4,67,2,4,No,Yes
UAE-SYN-0582,Operations,Operations,L2,Dubai,Woman,International,Permanent,2022-06-24,,Active,10900,11200,0.973,4,87,26,3,Yes,
UAE-SYN-0583,Technology,Technology,L3,Abu Dhabi,Woman,International,Permanent,2025-12-19,,Active,28200,27000,1.044,4,70,44,8,No,
UAE-SYN-0584,Technology,Technology,L1,Dubai,Woman,UAE National,Fixed-term,2021-04-03,,Active,12100,11500,1.052,3,85,28,2,No,
UAE-SYN-0585,Sales,Commercial,L1,Abu Dhabi,Man,International,Permanent,2019-09-08,,Active,8200,8200,1.0,2,85,32,5,Yes,
UAE-SYN-0586,Customer Experience,Customer Experience,L1,Abu Dhabi,Man,UAE National,Permanent,2023-10-13,,Active,6400,6800,0.941,4,85,16,9,No,
UAE-SYN-0587,Customer Experience,Customer Experience,L2,Abu Dhabi,Woman,International,Permanent,2025-06-21,,Active,10600,10500,1.01,3,82,23,7,No,
UAE-SYN-0588,Customer Experience,Customer Experience,L1,Dubai,Woman,International,Permanent,2019-06-26,2024-12-15,Exited,6300,6800,0.926,3,77,44,3,No,No
UAE-SYN-0589,Operations,Operations,L2,Dubai,Man,International,Permanent,2021-01-25,,Active,9900,11200,0.884,3,87,5,6,No,
UAE-SYN-0590,Operations,Operations,L1,Dubai,Man,International,Permanent,2017-03-19,,Active,8400,7200,1.167,3,82,16,10,No,
UAE-SYN-0591,People & Culture,People & Culture,L1,Dubai,Man,UAE National,Permanent,2018-10-19,,Active,8200,8400,0.976,4,62,26,4,No,
UAE-SYN-0592,Customer Experience,Customer Experience,L3,Abu Dhabi,Woman,International,Permanent,2026-03-26,,Active,15200,16000,0.95,3,69,17,4,No,
UAE-SYN-0593,Sales,Commercial,L1,Dubai,Man,International,Permanent,2018-03-18,,Active,7600,8200,0.927,2,88,29,11,No,
UAE-SYN-0594,People & Culture,People & Culture,L1,Sharjah,Man,International,Permanent,2024-06-12,,Active,7400,8400,0.881,3,96,17,5,No,
UAE-SYN-0595,Customer Experience,Customer Experience,L4,Dubai,Woman,UAE National,Permanent,2024-11-13,,Active,22500,24100,0.934,2,69,35,1,No,
UAE-SYN-0596,Operations,Operations,L1,Dubai,Woman,UAE National,Fixed-term,2018-02-01,,Active,8000,7200,1.111,4,76,21,4,Yes,
UAE-SYN-0597,Operations,Operations,L4,Dubai,Woman,UAE National,Permanent,2024-10-03,,Active,26300,25600,1.027,3,77,29,7,Yes,
UAE-SYN-0598,Technology,Technology,L1,Dubai,Man,International,Permanent,2022-07-30,,Active,11900,11500,1.035,4,82,18,3,No,
UAE-SYN-0599,Technology,Technology,L2,Dubai,Woman,International,Permanent,2025-08-18,,Active,18400,17800,1.034,3,64,10,6,No,
UAE-SYN-0600,Sales,Commercial,L2,Dubai,Man,International,Permanent,2022-07-22,,Active,11700,12700,0.921,4,55,51,2,No,
UAE-SYN-0601,Operations,Operations,L3,Dubai,Man,International,Permanent,2016-09-20,,Active,14800,16900,0.876,3,61,25,9,No,
UAE-SYN-0602,Customer Experience,Customer Experience,L3,Dubai,Man,International,Permanent,2020-11-18,,Active,13500,16000,0.844,3,89,17,15,Yes,
UAE-SYN-0603,Technology,Technology,L2,Abu Dhabi,Man,International,Permanent,2018-05-22,,Active,17300,17800,0.972,3,77,32,2,No,
UAE-SYN-0604,Customer Experience,Customer Experience,L1,Dubai,Man,International,Permanent,2025-09-18,,Active,6800,6800,1.0,3,63,48,4,No,
UAE-SYN-0605,People & Culture,People & Culture,L1,Abu Dhabi,Woman,UAE National,Permanent,2024-05-06,,Active,7900,8400,0.94,2,66,17,6,No,
UAE-SYN-0606,Sales,Commercial,L2,Dubai,Woman,International,Permanent,2021-10-14,,Active,12100,12700,0.953,3,69,35,1,No,
UAE-SYN-0607,Finance,Finance,L1,Dubai,Woman,International,Permanent,2016-08-30,,Active,10500,9200,1.141,3,71,37,13,Yes,
UAE-SYN-0608,Technology,Technology,L2,Abu Dhabi,Man,International,Permanent,2017-01-07,,Active,18300,17800,1.028,4,82,31,10,No,
UAE-SYN-0609,Technology,Technology,L1,Abu Dhabi,Man,International,Fixed-term,2026-06-06,,Active,10500,11500,0.913,4,66,20,2,No,
UAE-SYN-0610,Operations,Operations,L1,Dubai,Woman,International,Permanent,2020-06-23,,Active,6600,7200,0.917,3,62,34,11,No,
UAE-SYN-0611,Operations,Operations,L3,Abu Dhabi,Woman,International,Fixed-term,2026-05-26,,Active,17400,16900,1.03,4,65,41,8,Yes,
UAE-SYN-0612,Operations,Operations,L1,Dubai,Woman,International,Permanent,2021-12-20,2025-05-11,Exited,7000,7200,0.972,3,72,17,7,No,No
UAE-SYN-0613,Operations,Operations,L1,Dubai,Man,UAE National,Permanent,2019-04-11,,Active,6800,7200,0.944,3,76,24,9,No,
UAE-SYN-0614,People & Culture,People & Culture,L4,Sharjah,Woman,UAE National,Permanent,2024-09-18,2025-02-08,Exited,28600,29800,0.96,2,66,5,7,No,No
UAE-SYN-0615,People & Culture,People & Culture,L1,Sharjah,Woman,International,Permanent,2021-06-17,,Active,7500,8400,0.893,5,76,33,3,Yes,
UAE-SYN-0616,People & Culture,People & Culture,L1,Dubai,Man,International,Permanent,2018-07-31,2025-03-03,Exited,8000,8400,0.952,3,82,15,8,No,No
UAE-SYN-0617,Customer Experience,Customer Experience,L1,Dubai,Woman,UAE National,Permanent,2026-01-16,,Active,7000,6800,1.029,3,86,34,2,No,
UAE-SYN-0618,Operations,Operations,L1,Dubai,Man,International,Permanent,2021-01-18,2025-10-22,Exited,7600,7200,1.056,4,87,10,11,No,Yes
UAE-SYN-0619,Operations,Operations,L2,Dubai,Man,International,Permanent,2019-05-26,,Active,12700,11200,1.134,4,81,7,7,No,
UAE-SYN-0620,Sales,Commercial,L1,Abu Dhabi,Man,UAE National,Permanent,2019-11-30,,Active,7300,8200,0.89,3,75,6,4,No,
UAE-SYN-0621,Finance,Finance,L2,Dubai,Woman,International,Fixed-term,2017-08-20,,Active,14600,14300,1.021,4,87,0,7,No,
UAE-SYN-0622,Technology,Technology,L4,Dubai,Woman,International,Permanent,2026-04-11,,Active,44600,40800,1.093,3,57,34,9,No,
UAE-SYN-0623,Technology,Technology,L1,Abu Dhabi,Man,International,Permanent,2020-10-29,,Active,11000,11500,0.957,4,66,38,9,No,
UAE-SYN-0624,Customer Experience,Customer Experience,L3,Dubai,Woman,International,Permanent,2022-02-18,,Active,16700,16000,1.044,3,89,39,9,No,
UAE-SYN-0625,Finance,Finance,L2,Dubai,Man,International,Permanent,2021-11-20,,Active,14100,14300,0.986,4,72,3,2,Yes,
UAE-SYN-0626,Operations,Operations,L1,Dubai,Woman,International,Permanent,2026-05-17,,Active,7100,7200,0.986,3,73,29,8,No,
UAE-SYN-0627,Customer Experience,Customer Experience,L1,Dubai,Woman,International,Permanent,2021-08-19,,Active,7300,6800,1.074,3,48,12,13,Yes,
UAE-SYN-0628,Finance,Finance,L2,Dubai,Man,UAE National,Permanent,2026-03-21,,Active,12200,14300,0.853,4,78,23,9,No,
UAE-SYN-0629,Technology,Technology,L1,Dubai,Woman,UAE National,Permanent,2021-05-11,,Active,12700,11500,1.104,3,76,25,2,No,
UAE-SYN-0630,Sales,Commercial,L1,Dubai,Woman,International,Permanent,2022-05-11,,Active,8200,8200,1.0,4,68,19,5,No,
UAE-SYN-0631,Technology,Technology,L1,Abu Dhabi,Woman,International,Permanent,2019-07-15,,Active,11900,11500,1.035,4,82,42,8,No,
UAE-SYN-0632,Finance,Finance,L3,Sharjah,Man,International,Permanent,2018-06-03,,Active,21000,21600,0.972,4,72,51,1,No,
UAE-SYN-0633,Sales,Commercial,L1,Dubai,Man,International,Fixed-term,2018-04-23,2025-03-30,Exited,7500,8200,0.915,3,83,29,11,No,No
UAE-SYN-0634,Sales,Commercial,L1,Dubai,Man,International,Permanent,2018-12-29,2024-08-15,Exited,8700,8200,1.061,3,79,46,6,No,No
UAE-SYN-0635,People & Culture,People & Culture,L2,Dubai,Woman,International,Permanent,2021-03-17,,Active,12000,13000,0.923,2,83,42,7,No,
UAE-SYN-0636,Sales,Commercial,L1,Dubai,Man,International,Permanent,2016-02-02,,Active,9000,8200,1.098,4,91,21,9,No,
UAE-SYN-0637,Customer Experience,Customer Experience,L1,Dubai,Man,International,Permanent,2022-10-05,,Active,6000,6800,0.882,4,59,5,4,No,
UAE-SYN-0638,Operations,Operations,L2,Dubai,Man,International,Permanent,2026-04-07,,Active,9900,11200,0.884,3,69,20,4,Yes,
UAE-SYN-0639,People & Culture,People & Culture,L3,Abu Dhabi,Man,International,Fixed-term,2026-05-27,,Active,17300,19700,0.878,3,64,48,4,No,
UAE-SYN-0640,Sales,Commercial,L1,Abu Dhabi,Woman,International,Permanent,2020-11-01,,Active,7700,8200,0.939,4,64,11,9,No,
UAE-SYN-0641,Operations,Operations,L2,Abu Dhabi,Man,UAE National,Permanent,2025-11-10,2026-05-30,Exited,11300,11200,1.009,4,68,11,6,No,Yes
UAE-SYN-0642,Technology,Technology,L2,Abu Dhabi,Man,International,Permanent,2017-09-12,,Active,17500,17800,0.983,2,86,13,8,No,
UAE-SYN-0643,Finance,Finance,L3,Dubai,Woman,International,Permanent,2024-09-21,,Active,21200,21600,0.981,3,75,46,6,No,
UAE-SYN-0644,People & Culture,People & Culture,L1,Abu Dhabi,Man,International,Permanent,2025-09-19,,Active,7000,8400,0.833,4,80,0,8,No,
UAE-SYN-0645,Technology,Technology,L1,Dubai,Man,International,Permanent,2021-02-24,,Active,11300,11500,0.983,2,71,33,6,No,
UAE-SYN-0646,People & Culture,People & Culture,L1,Dubai,Woman,International,Permanent,2017-08-31,2025-08-30,Exited,8100,8400,0.964,3,66,27,5,No,No
UAE-SYN-0647,Operations,Operations,L2,Abu Dhabi,Woman,International,Permanent,2021-04-27,,Active,10900,11200,0.973,3,45,44,10,No,
UAE-SYN-0648,Finance,Finance,L1,Dubai,Woman,UAE National,Permanent,2019-12-30,,Active,9100,9200,0.989,3,80,21,7,No,
UAE-SYN-0649,Sales,Commercial,L1,Sharjah,Woman,International,Permanent,2023-06-25,,Active,9200,8200,1.122,3,75,45,5,No,
UAE-SYN-0650,Finance,Finance,L4,Dubai,Woman,International,Permanent,2016-08-31,,Active,33700,32700,1.031,2,71,43,10,Yes,
